Scheme Code;Scheme Name;Net Asset Value;Repurchase Price;Sale Price;Date

Open Ended Schemes ( Income )

ABN  AMRO Mutual Fund
102652;ABN AMRO  Monthly Income Plan-Regular Plan-Growth Option;13.6338;13.6338;13.6338;20-Sep-2007
102653;ABN AMRO  Monthly Income Plan-Regular Plan-Monthly Dividend Option;10.8409;10.8409;10.8409;20-Sep-2007
102654;ABN AMRO  Monthly Income Plan-Regular Plan-Quarterly Dividend Option;10.8905;10.8905;10.8905;20-Sep-2007
102622;ABN AMRO Flexi Debt Fund-Regular Plan-Daily Dividend Option;10.0000;10.0000;10.0000;20-Sep-2007
102619;ABN AMRO Flexi Debt Fund-Regular Plan-Growth Option;11.9931;11.9931;11.9931;20-Sep-2007
102621;ABN AMRO Flexi Debt Fund-Regular Plan-Half-Yearly Dividend Option;10.4214;10.4214;10.4214;20-Sep-2007
102620;ABN AMRO Flexi Debt Fund-Regular Plan-Quarterly Dividend Option;10.2246;10.2246;10.2246;20-Sep-2007
102623;ABN AMRO Flexi Debt Fund-Regular Plan-Weekly Dividend Option;10.0000;10.0000;10.0000;20-Sep-2007
105438;ABN AMRO Money Plus Fund-Institutional Plan- Daily Dividend Option (Compulsory Reinvestment);10.0001;10.0001;10.0001;20-Sep-2007
103291;ABN AMRO Money Plus Fund-Institutional Plan-Growth Option;11.4702;11.4702;11.4702;20-Sep-2007
103293;ABN AMRO Money Plus Fund-Institutional Plan-Monthly Dividend Option;10.0493;10.0493;10.0493;20-Sep-2007
103292;ABN AMRO Money Plus Fund-Institutional Plan-Weekly Dividend Option;10.0001;10.0001;10.0001;20-Sep-2007
103288;ABN AMRO Money Plus Fund-Regular Plan-Growth Option;11.4156;11.4156;11.4156;20-Sep-2007
103290;ABN AMRO Money Plus Fund-Regular Plan-Monthly Dividend Option;10.0463;10.0463;10.0463;20-Sep-2007
103289;ABN AMRO Money Plus Fund-Regular Plan-Weekly Dividend Option;10.0001;10.0001;10.0001;20-Sep-2007

Birla Sun Life Mutual Fund
101843;Birla Bond Index Fund-Dividend Plan (Plan A);10.0706;10.0605;10.0706;20-Sep-2007
101844;Birla Bond Index Fund-Growth Plan (Plan B);11.9967;11.9667;11.9967;20-Sep-2007
102767;Birla Dynamic Bond Fund-Retail Plan-Growth;11.9374;11.9374;11.9374;20-Sep-2007
102766;Birla Dynamic Bond Fund-Retail Plan-Quarterly Dividend;10.4274;10.4274;10.4274;20-Sep-2007
102855;Birla Fixed Maturity Plan - Annual  Series 3-Dividend;10.4841;10.2744;10.4841;20-Sep-2007
102856;Birla Fixed Maturity Plan - Annual  Series 3-Growth;12.2066;11.9625;12.2066;20-Sep-2007
102754;Birla Fixed Maturity Plan - Annual Yearly Series 1-Dividend;10.7508;10.5358;10.7508;20-Sep-2007
102755;Birla Fixed Maturity Plan - Annual Yearly Series 1-Growth;12.0584;11.8172;12.0584;20-Sep-2007
102682;Birla Fixed Maturity Plan - Quarterly Series II-Dividend;10.2217;10.0173;10.2217;20-Sep-2007
102683;Birla Fixed Maturity Plan - Quarterly Series II-Growth;12.3351;12.0884;12.3351;20-Sep-2007
100037;Birla Income Plus (Dividend);10.4062;10.3438;10.4062;20-Sep-2007
100038;Birla Income Plus (Growth);32.5583;32.3630;32.5583;20-Sep-2007
100971;Birla MIP-Plan A (Dividend);11.5116;11.4425;11.5116;20-Sep-2007
100972;Birla MIP-Plan B (Payment);20.9859;20.8600;20.9859;20-Sep-2007
100970;Birla MIP-Plan C (Growth);20.9859;20.8600;20.9859;20-Sep-2007
101711;Birla MIP - Saving 5 Plan-Plan A (Dividend);10.1775;10.1775;10.1775;20-Sep-2007
101712;Birla MIP - Saving 5 Plan-Plan B (Growth);12.1973;12.1973;12.1973;20-Sep-2007
101713;Birla MIP - Saving 5 Plan-Plan C (Payment);12.1973;12.1973;12.1973;20-Sep-2007
101816;Birla MIP - Wealth 25 Plan-Plan A (Dividend);11.4780;11.3632;11.4780;20-Sep-2007
101817;Birla MIP - Wealth 25 Plan-Plan B (Growth);14.5997;14.4537;14.5997;20-Sep-2007
101818;Birla MIP - Wealth 25 Plan-Plan C (Payment);14.5997;14.4537;14.5997;20-Sep-2007
106270;BIRLA SUN LIFE CAPITAL PROTECTION ORIENTED FUND-3 YRS- DIVIDEND;10.2346;10.2346;0.0000;20-Sep-2007
106269;BIRLA SUN LIFE CAPITAL PROTECTION ORIENTED FUND-3 YRS- GROWTH;10.2346;10.2346;0.0000;20-Sep-2007
103177;Birla Sun Life Income Fund-Plan A(Dividend);10.8368;10.7718;10.8368;20-Sep-2007
103178;Birla Sun Life Income Fund-Plan B(Growth);27.6110;27.4453;27.6110;20-Sep-2007
103183;Birla Sun Life Income Fund-Plan C(Quarterly Dividend);10.4480;10.3853;10.4480;20-Sep-2007
103179;Birla Sun Life Income Fund-Plan D(54EA Dividend);12.1583;12.0854;12.1583;20-Sep-2007
103180;Birla Sun Life Income Fund-Plan E(54EA Growth);27.5916;27.4261;27.5916;20-Sep-2007
103181;Birla Sun Life Income Fund-PLan F(54EB Dividend);12.1712;12.0982;12.1712;20-Sep-2007
103182;Birla Sun Life Income Fund-Plan G(54EB Growth);27.4179;27.2534;27.4179;20-Sep-2007
101315;Birla Sun Life Liquid Plus-Insititutional Dividend;10.4791;10.4529;10.4791;20-Sep-2007
105889;Birla Sun Life Liquid Plus-Insititutional Plan - Monthly  Dividend;10.0637;10.0536;10.0637;20-Sep-2007
105888;Birla Sun Life Liquid Plus-Insititutional Plan- Daily Dividend;10.0068;9.9968;10.0068;20-Sep-2007
105887;Birla Sun Life Liquid Plus-Insititutional Plan- Weekly Dividend;10.0147;10.0047;10.0147;20-Sep-2007
101317;Birla Sun Life Liquid Plus-Institutional Growth;14.5888;14.5742;14.5888;20-Sep-2007
101318;Birla Sun Life Liquid Plus-Retail - Dividend;11.2566;11.2453;11.2566;20-Sep-2007
105886;Birla Sun Life Liquid Plus-Retail - Monthly Dividend;10.0559;10.0458;10.0559;20-Sep-2007
105881;Birla Sun Life Liquid Plus-Retail - Weekly Dividend;10.0141;10.0041;10.0141;20-Sep-2007
101316;Birla Sun Life Liquid Plus-Retail Growth;14.4292;14.4148;14.4292;20-Sep-2007
103184;Birla Sun Life Monthly Income-Plan A(Dividend);11.1343;11.0230;11.1343;20-Sep-2007
103185;Birla Sun Life Monthly Income-Plan B(Growth);27.6048;27.3288;27.6048;20-Sep-2007
103186;Birla Sun Life Monthly Income-Plan C(Quarterly Dividend);11.7805;11.6627;11.7805;20-Sep-2007
106157;Birla Sun Life Short Term Fund-Plan (Fortnightly Dividend);10.0268;10.0017;10.0268;20-Sep-2007
103175;Birla Sun Life Short Term Fund-Plan A(Monthly Dividend);10.5542;10.5278;10.5542;20-Sep-2007
103176;Birla Sun Life Short Term Fund-Plan B(Growth);14.0609;14.0257;14.0609;20-Sep-2007

BOB Mutual Fund
102670;BOB CHILDREN FUND-GIFT PLAN;10.5602;10.4546;10.5602;21-Sep-2007

102671;BOB CHILDREN FUND-STUDY PLAN;9.8012;9.7032;9.8012;21-Sep-2007
101155;BOB INCOME FUND-Dividend Plan;12.9648;12.9000;12.9648;21-Sep-2007
101154;BOB INCOME FUND-Growth Plan;12.9648;12.9000;12.9648;21-Sep-2007
102661;BOB MIP FUND-Growth Plan;11.8803;11.8209;11.8803;21-Sep-2007
102662;BOB MIP FUND-Monthly Dividend Plan;11.8852;11.8258;11.8852;21-Sep-2007
102663;BOB MIP FUND-Quarterly Dividend Plan;11.8808;11.8214;11.8808;21-Sep-2007

Canbank Mutual Fund
100601;CANCIGO-Growth Plan;22.01;22.01;22.01;21-Sep-2007
100600;CANCIGO-Income Plan;12.55;12.55;12.55;21-Sep-2007
101589;CANINCOME-Bonus Plan;12.5759;12.5759;12.5759;21-Sep-2007
101588;CANINCOME-Growth Plan;13.7267;13.7267;13.7267;21-Sep-2007
101587;CANINCOME-Income Plan;12.4865;12.4865;12.4865;21-Sep-2007
106326;Canliquid Plus- Institutional Plan- Daily Dividend Reinvestment Option;12.4071;12.4071;12.4071;21-Sep-2007
106330;Canliquid Plus- Institutional Plan- Growth option;12.7074;12.7074;12.7074;21-Sep-2007
106327;Canliquid Plus- Institutional Plan- Weekly Dividend Reinvestment option;12.4099;12.4099;12.4099;21-Sep-2007
106329;Canliquid Plus- Retail Plan- Growth Option;12.7074;12.7074;12.7074;21-Sep-2007
106324;Canliquid Plus- Retail Plan- Income option;12.4979;12.4979;12.4979;21-Sep-2007
106325;Canlquid Plus- Retail Plan- Daily Dividend Reinvestment Option;12.4071;12.4071;12.4071;21-Sep-2007

DBS Chola Mutual Fund
100576;DBS Chola Freedom Income -Short Term Fund-Cum- Institutional Plan;12.4491;12.4491;12.4491;21-Sep-2007
105738;DBS Chola Freedom Income -Short Term Fund-Daily Dividend Re-investment Plan;10.0000;10.0000;10.0000;21-Sep-2007
100575;DBS Chola Freedom Income -Short Term Fund-Regular - Cumulative;12.3040;12.3040;12.3040;21-Sep-2007
100574;DBS Chola Freedom Income -Short Term Fund-Regular-Monthly Dividend;11.0846;11.0846;11.0846;21-Sep-2007
105693;DBS Chola Freedom Income -Short Term Fund-Weekly Dividend- Institutional Plan;10.0283;10.0283;10.0283;21-Sep-2007
101192;DBS Chola Freedom Income-STF Regular-Semi Annual Dividend;12.2020;12.2020;12.2020;21-Sep-2007
101958;DBS Chola Liquid Fund - Institutional Plus Weekly Dividend;11.9580;11.9580;11.9580;21-Sep-2007
101905;DBS Chola Monthly Income Plan - Regular - Bonus;12.9003;12.9003;12.9003;3-Oct-2006
102019;DBS Chola Monthly Income Plan -Reg.-Quarterly Dividend Plan;10.6191;10.6191;10.6191;21-Sep-2007
102018;DBS Chola Monthly Income Plan -Regular - Cumulative Plan;13.5746;13.5746;13.5746;21-Sep-2007
101895;DBS Chola Monthly Income Plan-Regular-Monthly Dividend Plan;10.4241;10.4241;10.4241;21-Sep-2007
103137;DBS Chola Short Term Floating Rate Fund-Cumulative;11.6038;11.6038;11.6038;21-Sep-2007
103134;DBS Chola Short Term Floating Rate Fund-Dividend-Daily;10.0164;10.0164;10.0164;21-Sep-2007
103136;DBS Chola Short Term Floating Rate Fund-Dividend-Monthly;10.2838;10.2838;10.2838;21-Sep-2007
103135;DBS Chola Short Term Floating Rate Fund-Dividend-Weekly;10.2509;10.2509;10.2509;21-Sep-2007
100567;DBS Chola Triple Ace-Regular - Quarterly Dividend;11.4011;11.4011;11.4011;21-Sep-2007
100563;DBS Chola Triple Ace-Regular -Cumulative;24.2144;24.2144;24.2144;21-Sep-2007
100573;DBS Chola Triple Ace-Regular Bonus;13.4545;13.4545;13.4545;21-Sep-2007
100569;DBS Chola Triple Ace-Semi Annual Dividend;11.7176;11.7176;11.7176;21-Sep-2007
101784;DBS CholaFreedom Income-STF-Institutional Monthly Dividend;11.0882;11.0882;11.0882;21-Sep-2007

Deutsche Mutual Fund
102196;DWS MIP-DWS MIP Plan A-DWS MIP Plan A-  Growth Option;13.5345;13.5345;13.6022;20-Sep-2007
102195;DWS MIP-DWS MIP Plan A-DWS MIP Plan A- Annual Dividend option;11.1308;11.1308;11.1865;20-Sep-2007
102193;DWS MIP-DWS MIP Plan A-DWS MIP Plan A- Monthly Dividend option;10.8461;10.8461;10.9003;20-Sep-2007
102194;DWS MIP-DWS MIP Plan A-DWS MIP Plan A- Quarterly  Dividend option;10.8905;10.8905;10.9450;20-Sep-2007
102200;DWS MIP-DWS MIP Plan B-DWS MIP Plan B-  Growth Option;12.6297;12.6297;12.6928;20-Sep-2007
102199;DWS MIP-DWS MIP Plan B-DWS MIP Plan B- Annual Dividend option;10.7062;10.7062;10.7597;20-Sep-2007
102197;DWS MIP-DWS MIP Plan B-DWS MIP Plan B- Monthly Dividend option;10.4467;10.4467;10.4989;20-Sep-2007
102198;DWS MIP-DWS MIP Plan B-DWS MIP Plan B- Quarterly  Dividend option;10.5960;10.5960;10.6490;20-Sep-2007
101732;DWS Premier Bond Fund - Regular Plan-/-Growth Plan;12.4169;12.4169;12.6652;20-Sep-2007
101731;DWS Premier Bond Fund - Regular Plan-Dividend(payout / reinvestment)-Annual;10.7713;10.7174;10.7713;20-Sep-2007
101730;DWS Premier Bond Fund - Regular Plan-Dividend(payout / reinvestment)-Monthly;10.7294;10.6758;10.7294;20-Sep-2007
101729;DWS Premier Bond Fund - Regular Plan-Dividend(payout / reinvestment)-Quarterly;10.4070;10.3550;10.4070;20-Sep-2007
101625;DWS Short Maturity Fund-Dividend-Monthly;10.2910;10.2910;10.2910;20-Sep-2007
101626;DWS Short Maturity Fund-Dividend-WEEKLY DIVIDEND;10.2297;10.2297;10.2297;20-Sep-2007
101627;DWS Short Maturity Fund-Growth Plan-GROWTH;13.0779;13.0779;13.0779;20-Sep-2007

DSP Merrill Lynch Mutual Fund
100077;DSP Merrill Lynch Bond Fund - Retail Plan-Dividend; 10.9095 ; 10.8550 ; 10.9095 ;20-Sep-2007
100078;DSP Merrill Lynch Bond Fund - Retail Plan-Growth; 25.6731 ; 25.5447 ; 25.6731 ;20-Sep-2007
100079;DSP Merrill Lynch Bond Fund - Retail Plan-Monthly Dividend; 10.5048 ; 10.4523 ; 10.5048 ;20-Sep-2007
104143;DSP Merrill Lynch Liquid Plus Fund - Institutional Plan - Daily Dividend Reinvest; 1000.2000 ; 1000.2000 ; 1000.2000 ;20-Sep-2007
104142;DSP Merrill Lynch Liquid Plus Fund - Institutional Plan - Growth; 1083.9966 ; 1083.9966 ; 1083.9966 ;20-Sep-2007
104141;DSP Merrill Lynch Liquid Plus Fund - Institutional Plan - Weekly Dividend; 1001.4014 ; 1001.4014 ; 1001.4014 ;20-Sep-2007
104140;DSP Merrill Lynch Liquid Plus Fund - Regular Plan - Daily Dividend Reinvest; 1000.2000 ; 1000.2000 ; 1000.2000 ;20-Sep-2007
104138;DSP Merrill Lynch Liquid Plus Fund - Regular Plan - Growth; 1079.6500 ; 1079.6500 ; 1079.6500 ;20-Sep-2007
104139;DSP Merrill Lynch Liquid Plus Fund - Regular Plan - Weekly Dividend Reinvest; 1001.3351 ; 1001.3351 ; 1001.3351 ;20-Sep-2007

102448;DSP Merrill Lynch Savings Plus Fund - Aggressive-Growth; 14.8618 ; 14.7132 ; 14.8618 ;20-Sep-2007
102450;DSP Merrill Lynch Savings Plus Fund - Aggressive-Monthly Dividend; 10.7197 ; 10.6125 ; 10.7197 ;20-Sep-2007
102451;DSP Merrill Lynch Savings Plus Fund - Aggressive-Quarterly Dividend; 11.2590 ; 11.1464 ; 11.2590 ;20-Sep-2007
101742;DSP Merrill Lynch Savings Plus Fund - Moderate-Growth; 15.9971 ; 15.8371 ; 15.9971 ;20-Sep-2007
101743;DSP Merrill Lynch Savings Plus Fund - Moderate-Monthly Dividend; 11.0666 ; 10.9559 ; 11.0666 ;20-Sep-2007
101744;DSP Merrill Lynch Savings Plus Fund - Moderate-Quarterly Dividend; 11.4801 ; 11.3653 ; 11.4801 ;20-Sep-2007
102445;DSP Merrill Lynch Savings Plus Fund-Conservative-Growth; 12.5239 ; 12.4613 ; 12.5239 ;20-Sep-2007
102446;DSP Merrill Lynch Savings Plus Fund-Conservative-Monthly Dividend; 10.4016 ; 10.3496 ; 10.4016 ;20-Sep-2007
102447;DSP Merrill Lynch Savings Plus Fund-Conservative-Quarterly Dividend; 10.5968 ; 10.5438 ; 10.5968 ;20-Sep-2007
101305;DSP Merrill Lynch Short Term Fund-Dividend; 10.7045 ; 10.7045 ; 10.7045 ;20-Sep-2007
101304;DSP Merrill Lynch Short Term Fund-Growth; 13.3753 ; 13.3753 ; 13.3753 ;20-Sep-2007
101306;DSP Merrill Lynch Short Term Fund-Monthly Dividend; 10.5184 ; 10.5184 ; 10.5184 ;20-Sep-2007
101303;DSP Merrill Lynch Short Term Fund-Weekly Dividend; 10.1998 ; 10.1998 ; 10.1998 ;20-Sep-2007
105668;DSP Merrill Lynch Strategic Bond Fund - Institutional Plan - Dividend; 0.0000 ; 0.0000 ; 0.0000 ;9-Aug-2007
105669;DSP Merrill Lynch Strategic Bond Fund - Institutional Plan - Growth; 1031.8692 ; 1030.8373 ; 1031.8692 ;20-Sep-2007
105667;DSP Merrill Lynch Strategic Bond Fund - Institutional Plan - Monthly Dividend; 1005.6490 ; 1004.6434 ; 1005.6490 ;20-Sep-2007
105878;DSP Merrill Lynch Strategic Bond Fund - Institutional Plan - Weekly Dividend; 1002.6683 ; 1001.6656 ; 1002.6683 ;20-Sep-2007
105665;DSP Merrill Lynch Strategic Bond Fund - Regular Plan - Dividend; 1020.2526 ; 1015.1513 ; 1020.2526 ;20-Sep-2007
105666;DSP Merrill Lynch Strategic Bond Fund - Regular Plan - Growth; 1030.4160 ; 1025.2639 ; 1030.4160 ;20-Sep-2007
105664;DSP Merrill Lynch Strategic Bond Fund - Regular Plan - Monthly Dividend; 1005.3883 ; 1000.3614 ; 1005.3883 ;20-Sep-2007
105877;DSP Merrill Lynch Strategic Bond Fund - Regular Plan - Weekly Dividend; 1002.6024 ; 997.5894 ; 1002.6024 ;20-Sep-2007

Escorts Mutual Fund
100176;Escorts Income Bond-Dividend;18.9018;18.9018;18.9018;20-Sep-2007
100177;Escorts Income Bond-Growth;22.3926;22.3926;22.3926;20-Sep-2007
100173;Escorts Income Plan-Bonus;12.4823;12.4823;12.4823;20-Sep-2007
100171;Escorts Income Plan-Dividend;10.3465;10.3465;10.3465;20-Sep-2007
100172;Escorts Income Plan-Growth;23.7000;23.7000;23.7000;20-Sep-2007

Fidelity Mutual Fund
104220;Fidelity Short Term Income Fund - Institutional Plan Dividend Option;10.0000;10.0000;10.0000;20-Sep-2007
104219;Fidelity Short Term Income Fund - Institutional Plan Growth Option;10.6731;10.6731;10.6731;20-Sep-2007
104218;Fidelity Short Term Income Fund - Retail Plan Dividend Option;10.0809;10.0809;10.0809;20-Sep-2007
104217;Fidelity Short Term Income Fund - Retail Plan Growth Option;10.6506;10.6506;10.6506;20-Sep-2007

Franklin Templeton Mutual Fund
101620;Franklin India International Fund;9.5301;9.5301;9.5301;20-Sep-2007
100948;FT India Monthly Income Plan-Growth;22.5145;22.5145;22.5145;20-Sep-2007
100951;FT India Monthly Income Plan-Monthly Bonus;14.8585;14.8585;14.8585;20-Sep-2007
100949;FT India Monthly Income Plan-Monthly Dividend;12.0812;12.0812;12.0812;20-Sep-2007
100950;FT India Monthly Income Plan-Quarterly Dividend;12.2901;12.2901;12.2901;20-Sep-2007
100527;Templeton India Income Builder Account-Dividend;10.6654;10.6654;10.6654;20-Sep-2007
100528;Templeton India Income Builder Account-Growth;25.7485;25.7485;25.7485;20-Sep-2007
100531;Templeton India Income Builder Account-Half Yearly;13.7316;13.7316;13.7316;20-Sep-2007
100529;Templeton India Income Builder Account-Monthly;12.9922;12.9922;12.9922;20-Sep-2007
100532;Templeton India Income Builder Account-Monthly Bonus;18.4059;18.4059;18.4059;20-Sep-2007
100530;Templeton India Income Builder Account-Quarterly;13.5201;13.5201;13.5201;20-Sep-2007
100498;Templeton India Income Fund-Dividend;10.7334;10.7334;10.7334;20-Sep-2007
100499;Templeton India Income Fund-Growth;27.0177;27.0177;27.0177;20-Sep-2007
101232;Templeton India Short-Term Income Plan-Growth;1444.6850;1444.6850;1444.6850;20-Sep-2007
101244;Templeton India Short-Term Income Plan-Institutional Plan - Growth;1155.4221;1152.5335;1155.4221;20-Sep-2007
101246;Templeton India Short-Term Income Plan-Institutional Plan - Monthly Dividend;1061.6949;1059.0407;1061.6949;20-Sep-2007
101245;Templeton India Short-Term Income Plan-Institutional Plan - Weekly Dividend;1011.3587;1008.8303;1011.3587;20-Sep-2007
101236;Templeton India Short-Term Income Plan-Monthly Dividend;1034.9690;1034.9690;1034.9690;20-Sep-2007
101238;Templeton India Short-Term Income Plan-Quarterly Dividend;1052.8624;1052.8624;1052.8624;20-Sep-2007
101237;Templeton India Short-Term Income Plan-Weekly Bonus;1058.6483;1058.6483;1058.6483;20-Sep-2007
101242;Templeton India Short-Term Income Plan-Weekly Dividend;1087.8745;1087.8745;1087.8745;20-Sep-2007
100506;Templeton Monthly Income Plan-Growth;21.4081;21.4081;21.4081;20-Sep-2007
100505;Templeton Monthly Income Plan-Half Yearly Dividend;13.0069;13.0069;13.0069;20-Sep-2007
100503;Templeton Monthly Income Plan-Monthly Dividend;10.4685;10.4685;10.4685;20-Sep-2007
100504;Templeton Monthly Income Plan-Quaterly Dividend;10.4871;10.4871;10.4871;20-Sep-2007
105469;Templeton Quarterly Interval Plan - Plan A - Institutional - Dividend;10.0850;10.0850;10.0850;20-Sep-2007
105468;Templeton Quarterly Interval Plan - Plan A - Institutional - Growth;10.3485;10.3485;10.3485;20-Sep-2007
105467;Templeton Quarterly Interval Plan - Plan A - Retail - Dividend;10.0809;10.0809;10.0809;20-Sep-2007
105470;Templeton Quarterly Interval Plan - Plan A - Retail - Growth;10.3379;10.3379;10.3379;20-Sep-2007

105707;Templeton Quarterly Interval Plan - Plan B - Institutional - Dividend;10.0645;10.0645;10.0645;20-Sep-2007
105706;Templeton Quarterly Interval Plan - Plan B - Institutional - Growth;10.3246;10.3246;10.3246;20-Sep-2007
105705;Templeton Quarterly Interval Plan - Plan B - Retail - Dividend;10.0624;10.0624;10.0624;20-Sep-2007
105704;Templeton Quarterly Interval Plan - Plan B - Retail - Growth;10.3159;10.3159;10.3159;20-Sep-2007
106054;Templeton Quarterly Interval Plan - Plan C - Institutional Plan - Dividend;10.1968;10.1968;10.1968;20-Sep-2007
106056;Templeton Quarterly Interval Plan - Plan C - Retail Plan - Dividend;10.1908;10.1908;10.1908;20-Sep-2007
106055;Templeton Quarterly Interval Plan - Plan C - Retail Plan - Growth;10.1908;10.1908;10.1908;20-Sep-2007

HDFC Mutual Fund
105548;HDFC Cash Management Savings Plus - Retail Plan Daily Dividend Option;10.0315;10.0315;10.0315;20-Sep-2007
105543;HDFC Cash Management Savings Plus - Retail Plan Monthly Dividend Option;10.0578;10.0578;10.0578;20-Sep-2007
105547;HDFC Cash Management Savings Plus - Wholesale Plan Daily Dividend Option;10.0315;10.0315;10.0315;20-Sep-2007
105544;HDFC Cash Management Savings Plus - Wholesale Plan Growth Option;16.8771;16.8771;16.8771;20-Sep-2007
105546;HDFC Cash Management Savings Plus - Wholesale Plan Monthly Dividend Option;10.0595;10.0595;10.0595;20-Sep-2007
105545;HDFC Cash Management Savings Plus - Wholesale Plan Weekly Dividend Option;10.0205;10.0205;10.0205;20-Sep-2007
102453;HDFC Cash Management Savings Plus-Dividend Plan;10.0203;10.0203;10.0203;20-Sep-2007
102452;HDFC Cash Management Savings Plus-Growth Plan;16.866;16.866;16.866;20-Sep-2007
101480;HDFC Floating Rate Income Fund-Short Term Plan-Dividend;0;0;0;19-Jun-2006
101483;HDFC Floating Rate Income Fund-Short Term Plan-Dividend - Daily;10.0809;10.0809;10.0809;20-Sep-2007
101484;HDFC Floating Rate Income Fund-Short Term Plan-Dividend - Monthly;10.1982;10.1982;10.1982;20-Sep-2007
101482;HDFC Floating Rate Income Fund-Short Term Plan-Dividend - Weekly;10.1423;10.1423;10.1423;20-Sep-2007
101481;HDFC Floating Rate Income Fund-Short Term Plan-Growth;13.0848;13.0848;13.0848;20-Sep-2007
101872;HDFC High Interest Fund-Growth Plan;25.3333;25.3333;25.3333;20-Sep-2007
101874;HDFC High Interest Fund-Half Yearly Dividend Plan;10.5813;10.5813;10.5813;20-Sep-2007
101873;HDFC High Interest Fund-Quarterly Dividend Plan;10.6904;10.6904;10.6904;20-Sep-2007
101875;HDFC High Interest Fund-Yearly Dividend Plan;11.0576;11.0576;11.0576;20-Sep-2007
101990;HDFC High Interest Fund - Short Term Plan-Dividend Option;10.6254;10.6254;10.6254;20-Sep-2007
101989;HDFC High Interest Fund - Short Term Plan-Growth Option;14.3081;14.3081;14.3081;20-Sep-2007
100123;HDFC Income Fund-Dividend;10.4644;10.4644;10.4644;20-Sep-2007
100124;HDFC Income Fund-Growth;17.3106;17.3106;17.3106;20-Sep-2007
102147;HDFC MF Monthly Income Plan-Long Term Plan-Growth Option;15.9354;15.9354;15.9354;20-Sep-2007
102148;HDFC MF Monthly Income Plan-Long Term Plan-Monthly Dividend Option;11.9592;11.9592;11.9592;20-Sep-2007
102149;HDFC MF Monthly Income Plan-Long Term Plan-Quarterly Dividend Option;12.3371;12.3371;12.3371;20-Sep-2007
102144;HDFC MF Monthly Income Plan-Short Term Plan-Growth Option;13.439;13.439;13.439;20-Sep-2007
102145;HDFC MF Monthly Income Plan-Short Term Plan-Monthly Dividend Option;10.2305;10.2305;10.2305;20-Sep-2007
102146;HDFC MF Monthly Income Plan-Short Term Plan-Quarterly Dividend Option;10.5949;10.5949;10.5949;20-Sep-2007
101586;HDFC MULTIPLE YIELD-HDFC MULTIPLE YIELD - DIVIDEND;10.8769;10.7681;10.9857;20-Sep-2007
101585;HDFC MULTIPLE YIELD-HDFC MULTIPLE YIELD - GROWTH;12.9039;12.7749;13.0329;20-Sep-2007
103130;HDFC Multiple Yield Fund - Plan 2005-Dividend;10.8483;10.7398;10.9568;20-Sep-2007
103131;HDFC Multiple Yield Fund - Plan 2005-Growth;11.7717;11.654;11.8894;20-Sep-2007
101431;HDFC Short Term Plan-DIVIDEND;10.3367;10.3109;10.3367;20-Sep-2007
101430;HDFC Short Term Plan-GROWTH;14.0121;13.9771;14.0121;20-Sep-2007

HSBC Mutual Fund
101687;HSBC Income Fund - Investment - Inst. - Growth;13.3646;13.3646;13.3646;20-Sep-2007
101686;HSBC Income Fund - Investment - Regular - Dividend;10.5152;10.4626;10.5152;20-Sep-2007
101685;HSBC Income Fund - Investment - Regular - Growth;12.9229;12.8583;12.9229;20-Sep-2007
101598;HSBC Income Fund - Short Term - Inst. - Dividend;10.0531;10.0531;10.0531;20-Sep-2007
104430;HSBC Income Fund - Short Term - Inst. - Dividend - Weekly;10.1085;10.1085;10.1085;20-Sep-2007
101597;HSBC Income Fund - Short Term - Inst. - Growth;10.1575;10.1575;10.1575;20-Sep-2007
101600;HSBC Income Fund - Short Term - Regular - Dividend;10.8536;10.8536;10.8536;20-Sep-2007
104429;HSBC Income Fund - Short Term - Regular - Dividend - Weekly;10.0943;10.0943;10.0943;20-Sep-2007
101599;HSBC Income Fund - Short Term - Regular - Growth;13.0089;13.0089;13.0089;20-Sep-2007
104351;HSBC Liquid Plus Fund - Inst. - Dividend - Daily;10.0125;10.0125;10.0125;20-Sep-2007
104348;HSBC Liquid Plus Fund - Inst. - Dividend - Monthly;10.1222;10.1222;10.1222;20-Sep-2007
104352;HSBC Liquid Plus Fund - Inst. - Dividend - Weekly;10.0406;10.0406;10.0406;20-Sep-2007
104344;HSBC Liquid Plus Fund - Inst. - Growth;10.7775;10.7775;10.7775;20-Sep-2007
104346;HSBC Liquid Plus Fund - Inst. Plus -  Dividend - Monthly;10.1202;10.1202;10.1202;20-Sep-2007
104349;HSBC Liquid Plus Fund - Inst. Plus - Dividend - Daily;10.0126;10.0126;10.0126;20-Sep-2007
104345;HSBC Liquid Plus Fund - Inst. Plus - Dividend - Weekly;10.0412;10.0412;10.0412;20-Sep-2007
104347;HSBC Liquid Plus Fund - Inst. Plus - Growth;10.7875;10.7875;10.7875;20-Sep-2007
104343;HSBC Liquid Plus Fund - Regular -  Dividend - Weekly;10.0398;10.0398;10.0398;20-Sep-2007
104342;HSBC Liquid Plus Fund - Regular - Dividend - Daily;10.0122;10.0122;10.0122;20-Sep-2007
104350;HSBC Liquid Plus Fund - Regular - Growth;10.7625;10.7625;10.7625;20-Sep-2007
102257;HSBC MIP - Regular -  Dividend - Monthly;10.8997;10.8452;10.8997;20-Sep-2007

102258;HSBC MIP - Regular - Dividend - Quarterly;10.8764;10.8220;10.8764;20-Sep-2007
102259;HSBC MIP - Regular - Growth;13.2984;13.2319;13.2984;20-Sep-2007
102261;HSBC MIP - Savings -  Dividend - Quarterly;11.4054;11.3484;11.4054;20-Sep-2007
102260;HSBC MIP - Savings - Dividend - Monthly;11.3959;11.3389;11.3959;20-Sep-2007
102262;HSBC MIP - Savings - Growth;14.5738;14.5009;14.5738;20-Sep-2007

ICICI Prudential Mutual Fund
101098;ICICI Prudential Child Care -Study Plan; 21.2869 ; 21.0740 ; 21.6062 ;20-Sep-2007
101127;ICICI Prudential Child Care- Gift Plan; 48.40 ; 47.91 ; 49.12 ;20-Sep-2007
102421;ICICI Prudential Fixed Maturity Plan - 1 Year-Series 12-Institutional; 11.6599 ; 11.3684 ; 11.6599 ;7-May-2007
102423;ICICI Prudential Fixed Maturity Plan - 1 Year-Series 12-Institutional Dividend - 1; 10.0000 ; 9.7500 ; 10.0000 ;7-May-2007
102425;ICICI Prudential Fixed Maturity Plan - 1 Year-Series 12-Institutional Growth - 1; 10.7594 ; 10.4904 ; 10.7594 ;7-May-2007
102416;ICICI Prudential Fixed Maturity Plan - 1 Year-Series 12-Retail; 11.5807 ; 11.2912 ; 11.5807 ;7-May-2007
102422;ICICI Prudential Fixed Maturity Plan - 1 Year-Series 12-Retail Dividend - 1; 10.0000 ; 9.7500 ; 10.0000 ;7-May-2007
102424;ICICI Prudential Fixed Maturity Plan - 1 Year-Series 12-Retail Growth - 1; 10.7376 ; 10.4692 ; 10.7376 ;7-May-2007
101618;ICICI Prudential Flexible Income Plan-Daily Dividend Plan; 10.5735 ; 10.5735 ; 10.5735 ;20-Sep-2007
101619;ICICI Prudential Flexible Income Plan-Growth; 14.2834 ; 14.2834 ; 14.2834 ;20-Sep-2007
101617;ICICI Prudential Flexible Income Plan-Weekly Dividend Plan; 10.5468 ; 10.5468 ; 10.5468 ;20-Sep-2007
101800;ICICI Prudential Floating Rate Plan-- Option A - Daily Dividend Option; 10.0040 ; 10.0040 ; 10.0040 ;20-Sep-2007
101801;ICICI Prudential Floating Rate Plan-- Option C - Daily Dividend Option; 10.0040 ; 10.0040 ; 10.0040 ;20-Sep-2007
101804;ICICI Prudential Floating Rate Plan-D - Dividend Daily; 10.0021 ; 10.0021 ; 10.0021 ;20-Sep-2007
101799;ICICI Prudential Floating Rate Plan-Daily Dividend Option; 10.0040 ; 10.0040 ; 10.0040 ;20-Sep-2007
101796;ICICI Prudential Floating Rate Plan-Dividend - Option A; 10.0299 ; 9.9798 ; 10.0299 ;20-Sep-2007
101794;ICICI Prudential Floating Rate Plan-Dividend - Option B; 10.0672 ; 10.0672 ; 10.0672 ;20-Sep-2007
101798;ICICI Prudential Floating Rate Plan-Dividend - Option C; 10.0301 ; 10.0301 ; 10.0301 ;20-Sep-2007
101795;ICICI Prudential Floating Rate Plan-Growth - Option A; 12.0762 ; 12.0159 ; 12.0762 ;20-Sep-2007
101793;ICICI Prudential Floating Rate Plan-Growth - Option B; 12.9744 ; 12.9744 ; 12.9744 ;20-Sep-2007
101797;ICICI Prudential Floating Rate Plan-Growth - Option C; 12.2056 ; 12.2056 ; 12.2056 ;20-Sep-2007
101803;ICICI Prudential Floating Rate Plan-Plan D - Dividend; 10.0288 ; 10.0288 ; 10.0288 ;20-Sep-2007
101802;ICICI Prudential Floating Rate Plan-Plan D - Growth option; 11.4243 ; 11.4243 ; 11.4243 ;20-Sep-2007
102074;ICICI Prudential FMP Series 5-FMP Yearly Series 5-Institutional Dividend;0;0;0;3-Aug-2006
102078;ICICI Prudential FMP Series 5-FMP Yearly Series 5-Institutional Dividend-1; 10.0000 ; 9.8500 ; 10.0000 ;27-Apr-2007
102073;ICICI Prudential FMP Series 5-FMP Yearly Series 5-Institutional Growth; 11.6038 ; 11.4298 ; 11.6038 ;27-Apr-2007
102077;ICICI Prudential FMP Series 5-FMP Yearly Series 5-Institutional Growth-1; 10.7552 ; 10.5939 ; 10.7552 ;27-Apr-2007
102072;ICICI Prudential FMP Series 5-FMP Yearly Series 5-Retail Dividend; 10.0000 ; 9.8500 ; 10.0000 ;27-Apr-2007
102076;ICICI Prudential FMP Series 5-FMP Yearly Series 5-Retail Dividend-1; 10.0000 ; 9.8500 ; 10.0000 ;27-Apr-2007
102071;ICICI Prudential FMP Series 5-FMP Yearly Series 5-Retail Growth; 11.5500 ; 11.3767 ; 11.5500 ;27-Apr-2007
102075;ICICI Prudential FMP Series 5-FMP Yearly Series 5-Retail Growth-1; 10.7331 ; 10.5721 ; 10.7331 ;27-Apr-2007
102288;ICICI Prudential FMP Yearly Series 24-Dividend Option;0;0;0;3-Aug-2006
102289;ICICI Prudential FMP Yearly Series 24-Growth;0;0;0;3-Aug-2006
102587;ICICI Prudential FMP-15 Month - Series 25-Institutional Plan-Cumulative Option; 11.6183 ; 11.3859 ; 11.6183 ;9-Apr-2007
102585;ICICI Prudential FMP-15 Month - Series 25-Retail Plan-Cumulative Option; 11.5121 ; 11.2819 ; 11.5121 ;9-Apr-2007
102710;ICICI Prudential FMP-Yearly -Series 25; 10.3658 ; 10.1585 ; 10.3658 ;19-Jul-2006
102060;ICICI Prudential Gilt Fund Investment Plan PF Option; 12.3781 ; 12.3038 ; 12.3781 ;20-Sep-2007
100364;ICICI Prudential Income Plan-Dividend Option; 10.8205 ; 10.7664 ; 10.8205 ;20-Sep-2007
100365;ICICI Prudential Income Plan-Growth Option; 22.5498 ; 22.4371 ; 22.5498 ;20-Sep-2007
101642;ICICI Prudential Income Plan-Institutional Option-Dividend;0;0;0;3-Aug-2006
101643;ICICI Prudential Income Plan-Institutional Option-Growth; 23.2164 ; 23.1003 ; 23.2164 ;20-Sep-2007
100366;ICICI Prudential Income Plan-Institutional Quarterly Dividend; 10.5051 ; 10.4525 ; 10.5051 ;20-Sep-2007
100367;ICICI Prudential Income Plan-Quarterly Dividend; 11.3217 ; 11.2651 ; 11.3217 ;20-Sep-2007
106291;ICICI Prudential Interval Fund - Annual Interval Plan I - Institutional Growth Option; 10.0756 ; 10.0756 ; 10.0756 ;20-Sep-2007
106290;ICICI Prudential Interval Fund - Annual Interval Plan I - Retail Dividend; 10.0730 ; 10.0730 ; 10.0730 ;20-Sep-2007
106292;ICICI Prudential Interval Fund - Annual Interval Plan I - Retail Growth; 10.0730 ; 10.0730 ; 10.0730 ;20-Sep-2007
105650;ICICI Prudential Interval Fund - Monthly Interval Plan I - Retail Dividend; 10.0870 ; 10.0870 ; 10.0870 ;20-Sep-2007
105651;ICICI Prudential Interval Fund - Monthly Interval Plan I - Retail Growth; 10.2691 ; 10.2691 ; 10.2691 ;20-Sep-2007
105799;ICICI Prudential Interval Fund - Monthly Interval Plan II - Retail Dividend; 10.1286 ; 10.1286 ; 10.1286 ;20-Sep-2007
105798;ICICI Prudential Interval Fund - Monthly Interval Plan II - Retail Growth; 10.2815 ; 10.2815 ; 10.2815 ;20-Sep-2007
105711;ICICI Prudential Interval Fund - Quarterly Interval Plan I - Retail Dividend; 10.0786 ; 10.0786 ; 10.0786 ;20-Sep-2007

105710;ICICI Prudential Interval Fund - Quarterly Interval Plan I - Retail Growth; 10.3348 ; 10.3348 ; 10.3348 ;20-Sep-2007
105907;ICICI Prudential Interval Fund - Quarterly Interval Plan II - Retail Dividend; 10.0063 ; 10.0063 ; 10.0063 ;20-Sep-2007
105908;ICICI Prudential Interval Fund - Quarterly Interval Plan II - Retail Growth; 10.2324 ; 10.2324 ; 10.2324 ;20-Sep-2007
106141;ICICI Prudential Interval Fund - Quarterly Interval Plan III - Retail Dividend; 10.0841 ; 10.0841 ; 10.0841 ;20-Sep-2007
106142;ICICI Prudential Interval Fund - Quarterly Interval Plan III - Retail Growth; 10.0841 ; 10.0841 ; 10.0841 ;20-Sep-2007
102742;ICICI Prudential Long Term Floating Rate Plan-Plan A-Dividend; 10.1484 ; 10.0977 ; 10.1484 ;20-Sep-2007
102741;ICICI Prudential Long Term Floating Rate Plan-Plan A-Growth; 11.9500 ; 11.8903 ; 11.9500 ;20-Sep-2007
102744;ICICI Prudential Long Term Floating Rate Plan-Plan B-Dividend; 10.1731 ; 10.1731 ; 10.1731 ;20-Sep-2007
102743;ICICI Prudential Long Term Floating Rate Plan-Plan B-Growth; 12.1010 ; 12.1010 ; 12.1010 ;20-Sep-2007
102746;ICICI Prudential Long Term Floating Rate Plan-Plan C-Dividend;0;0;0;3-Aug-2006
102745;ICICI Prudential Long Term Floating Rate Plan-Plan C-Growth; 10.0232 ; 10.0232 ; 10.0232 ;22-Feb-2007
101351;ICICI Prudential Long Term Plan-Dividend; 10.4864 ; 10.4864 ; 10.4864 ;20-Sep-2007
101350;ICICI Prudential Long Term Plan-Growth Option; 16.2707 ; 16.2707 ; 16.2707 ;20-Sep-2007
100952;ICICI Prudential MIP-Cumulative; 19.9854 ; 19.8855 ; 19.9854 ;20-Sep-2007
100955;ICICI Prudential MIP-Dividend-Half Yearly; 11.5944 ; 11.5364 ; 11.5944 ;20-Sep-2007
100953;ICICI Prudential MIP-Dividend-Monthly; 11.6915 ; 11.6330 ; 11.6915 ;20-Sep-2007
100954;ICICI Prudential MIP-Dividend-Quarterly; 11.8213 ; 11.7622 ; 11.8213 ;20-Sep-2007
101759;ICICI Prudential Short Term Plan-Fortnightly Dividend; 10.8446 ; 10.8446 ; 10.8446 ;20-Sep-2007
101758;ICICI Prudential Short Term Plan-Growth; 14.9235 ; 14.9235 ; 14.9235 ;20-Sep-2007
101231;ICICI Prudential Short Term Plan-Institutional Growth-Institutional Growth; 15.0940 ; 15.0940 ; 15.0940 ;20-Sep-2007
101230;ICICI Prudential Short Term Plan-Institutional Plan - Dividend-Fortnightly; 11.0915 ; 11.0915 ; 11.0915 ;20-Sep-2007
101229;ICICI Prudential Short Term Plan-Institutional Plan - Dividend-Monthly; 11.1385 ; 11.1385 ; 11.1385 ;20-Sep-2007
101165;ICICI Prudential Short Term Plan - Div. Option; 10.8644 ; 10.8644 ; 10.8644 ;20-Sep-2007

ING Mutual Fund
100180;ING Income Fund- Dividend Option (Annual);10.8155;10.8155;10.8155;20-Sep-2007
100185;ING Income Fund-Bonus Option;11.5896;11.5896;11.5896;20-Sep-2007
100179;ING Income Fund-Dividend Option (Half Yearly);10.6670;10.6670;10.6670;20-Sep-2007
100178;ING Income Fund-Dividend Option (Quarterly);10.4558;10.4558;10.4558;20-Sep-2007
100181;ING Income Fund-Growth Option;19.0079;19.0079;19.0079;20-Sep-2007
100186;ING Income Fund-Institutional Bonus Option;11.9184;11.9184;11.9184;20-Sep-2007
100184;ING Income Fund-Institutional Dividend Option (Annual);10.8112;10.8112;10.8112;20-Sep-2007
100182;ING Income Fund-Institutional Dividend Option (Half Yearly);10.0000;10.0000;10.0000;20-Sep-2007
100183;ING Income Fund-Institutional Dividend Option (Quarterly);10.0000;10.0000;10.0000;20-Sep-2007
100187;ING Income Fund-Institutional Growth Option;19.9095;19.9095;19.9095;20-Sep-2007
101288;ING Income Fund- Short Term Plan-Growth Option;13.9152;13.9152;13.9152;20-Sep-2007
101550;ING Income Fund-Short Term Plan -Dividend Option;11.4198;11.4198;11.4198;20-Sep-2007
105214;ING Liquid Plus Fund - Institutional Bonus Option;10.0000;10.0000;10.0000;20-Sep-2007
105212;ING Liquid Plus Fund - Institutional Daily Dividend Option;10.0033;10.0033;10.0033;20-Sep-2007
105207;ING Liquid Plus Fund - Institutional Growth Option;10.3814;10.3814;10.3814;20-Sep-2007
105209;ING Liquid Plus Fund - Institutional Monthly Dividend Option;10.0818;10.0818;10.0818;20-Sep-2007
105213;ING Liquid Plus Fund - Institutional Quarterly Dividend Option;10.0000;10.0000;10.0000;20-Sep-2007
105208;ING Liquid Plus Fund - Institutional Weekly Dividend Option;10.0411;10.0411;10.0411;20-Sep-2007
105206;ING Liquid Plus Fund - Regular Bonus Option;10.0000;10.0000;10.0000;20-Sep-2007
105203;ING Liquid Plus Fund - Regular Daily Dividend Option;10.0026;10.0026;10.0026;20-Sep-2007
105210;ING Liquid Plus Fund - Regular Growth Option;10.4389;10.4389;10.4389;20-Sep-2007
105204;ING Liquid Plus Fund - Regular Monthly Dividend Option;10.1012;10.1012;10.1012;20-Sep-2007
105205;ING Liquid Plus Fund - Regular Quarterly Dividend Option;10.1443;10.1443;10.1443;20-Sep-2007
105211;ING Liquid Plus Fund - Regular Weekly Dividend Option;10.0427;10.0427;10.0427;20-Sep-2007
102223;ING MIP Fund Plan A-Annual Dividend Option;10.4970;10.4970;10.4970;20-Sep-2007
102231;ING MIP Fund Plan A-Bonus Option;11.9233;11.9233;11.9233;20-Sep-2007
102222;ING MIP Fund Plan A-Growth Option;11.9233;11.9233;11.9233;20-Sep-2007
102226;ING MIP Fund Plan A-Half Yearly Dividend Option;10.3975;10.3975;10.3975;20-Sep-2007
102224;ING MIP Fund Plan A-Monthly Dividend Option;10.1507;10.1507;10.1507;20-Sep-2007
102225;ING MIP Fund Plan A-Quarterly Dividend Option;10.3315;10.3315;10.3315;20-Sep-2007
102236;ING MIP Fund Plan B-Annual Dividend Option;10.9692;10.9692;10.9692;20-Sep-2007
102240;ING MIP Fund Plan B-Bonus Option;12.7646;12.7646;12.7646;20-Sep-2007
102232;ING MIP Fund Plan B-Growth Option;12.7646;12.7646;12.7646;20-Sep-2007
102235;ING MIP Fund Plan B-Half Yearly Dividend Option;10.9096;10.9096;10.9096;20-Sep-2007
102233;ING MIP Fund Plan B-Monthly Dividend Option;10.4417;10.4417;10.4417;20-Sep-2007
102234;ING MIP Fund Plan B-Quarterly Dividend Option;10.7329;10.7329;10.7329;20-Sep-2007
102714;ING Select Debt Fund-Annual Dividend Option;10.2658;10.2658;10.2658;20-Sep-2007
102715;ING Select Debt Fund-Bonus Option;11.3192;11.3192;11.3192;20-Sep-2007
102711;ING Select Debt Fund-Growth Option;11.3192;11.3192;11.3192;20-Sep-2007

102713;ING Select Debt Fund-Half Yearly Dividend Option;10.3213;10.3213;10.3213;20-Sep-2007
102712;ING Select Debt Fund-Quarterly Dividend Option;10.1591;10.1591;10.1591;20-Sep-2007

JM Financial Mutual Fund
102904;JM Equity & Derivative Fund-Bonus-Bonus option;11.0473;11.0473;11.0473;20-Sep-2007
102903;JM Equity & Derivative Fund-Dividend-dividend option;10.4541;10.4541;10.4541;20-Sep-2007
102902;JM Equity & Derivative Fund-Growth-growth option;11.9306;11.9306;11.9306;20-Sep-2007
100222;JM Income Fund-Dividend;10.3919;10.3919;10.3919;20-Sep-2007
100223;JM Income Fund-Growth Plan - Growth Option;29.3728;29.3728;29.3728;20-Sep-2007
101181;JM Income Growth - Bonus Option;12.0167;12.0167;12.0167;20-Sep-2007
105638;JM LIQUID PLUS FUND - PREMIUM PLAN - DAILY DIVIDEND OPTION;10.0000;10.0000;10.0000;20-Sep-2007
101807;JM LIQUID PLUS FUND - PREMIUM PLAN - DIVIDEND OPTION;10.0923;10.0923;10.0923;20-Sep-2007
101808;JM LIQUID PLUS FUND - PREMIUM PLAN - GROWTH OPTION;11.8999;11.8999;11.8999;20-Sep-2007
105636;JM LIQUID PLUS FUND - PREMIUM PLAN - WEEKLY DIVIDEND OPTION;10.0507;10.0507;10.0507;20-Sep-2007
105639;JM LIQUID PLUS FUND - REGULAR PLAN - DAILY DIVIDEND OPTION;10.0000;10.0000;10.0000;20-Sep-2007
101805;JM LIQUID PLUS FUND - REGULAR PLAN - DIVIDEND OPTION;12.4332;12.4332;12.4332;20-Sep-2007
101806;JM LIQUID PLUS FUND - REGULAR PLAN - GROWTH OPTION;12.3929;12.3929;12.3929;20-Sep-2007
105637;JM LIQUID PLUS FUND - REGULAR PLAN - WEEKLY DIVIDEND OPTION;10.0253;10.0253;10.0253;20-Sep-2007
102026;JM MIP FUND-Annual Dividend;11.5494;11.5494;11.5494;20-Sep-2007
102027;JM MIP FUND-Growth;13.8809;13.8809;13.8809;20-Sep-2007
102024;JM MIP FUND-Monthly Dividend;10.7272;10.7272;10.7272;20-Sep-2007
102025;JM MIP FUND-Quarterly Dividend;10.8574;10.8574;10.8574;20-Sep-2007
101524;JM Short Term Fund..-- Institutional Plan - Dividend;10.3423;10.3423;10.3423;20-Sep-2007
101521;JM Short Term Fund..-- Institutional Plan - Growth;10.0000;10.0000;10.0000;20-Sep-2007
101519;JM Short Term Fund..-Dividend Plan;11.4141;11.4141;11.4141;20-Sep-2007
101520;JM Short Term Fund..-Growth Plan;13.9211;13.9211;13.9211;20-Sep-2007

Kotak Mahindra Mutual Fund
100291;Kotak Bond-Deposit-Dividend;12.2126;12.2126;12.2126;20-Sep-2007
100292;Kotak Bond-Deposit-Growth;19.3235;19.3235;19.3235;20-Sep-2007
100300;Kotak Bond-Regular-Annual Dividend;13.7005;13.7005;13.7005;20-Sep-2007
100301;Kotak Bond-Regular-Bonus Plan;13.6644;13.6644;13.6644;20-Sep-2007
100299;Kotak Bond-Regular-Growth;20.5001;20.5001;20.5001;20-Sep-2007
100298;Kotak Bond-Regular-Quaterly Dividend;10.6651;10.6651;10.6651;20-Sep-2007
101372;Kotak Bond Short Term Plan-(Dividend);10.0386;10.0386;10.0386;20-Sep-2007
101373;Kotak Bond Short Term Plan-(Growth);14.1665;14.1665;14.1665;20-Sep-2007
102869;Kotak Flexi-Debt-Daily Dividend;10.0311;10.0311;10.0311;20-Sep-2007
102867;Kotak Flexi-Debt-Dividend;10.3062;10.3062;10.3062;20-Sep-2007
102868;Kotak Flexi-Debt-Growth;12.0993;12.0993;12.0993;20-Sep-2007
101893;Kotak Floater Short Term-(Growth);12.7615;12.7615;12.7615;20-Sep-2007
101892;Kotak Floater Short Term-(Monthly Dividend);10.0195;10.0195;10.0195;20-Sep-2007
101894;Kotak Floater Short Term-(Weekly Dividend);10.0184;10.0184;10.0184;20-Sep-2007
101954;Kotak Income Plus-(Growth);13.7198;13.7198;13.7198;20-Sep-2007
101953;Kotak Income Plus-(Monthly Dividend);11.0015;11.0015;11.0015;20-Sep-2007
101955;Kotak Income Plus-(Quaterly Dividend);11.1409;11.1409;11.1409;20-Sep-2007

LIC Mutual Fund
100314;LIC MF Bond Fund-Dividend;10.4255;10.4255;10.4255;20-Sep-2007
100315;LIC MF Bond Fund-Growth;21.1088;21.1088;21.1088;20-Sep-2007
101271;LICMF Children Fund;16.8087;16.8087;16.8087;20-Sep-2007
102816;LICMF Floater MIP-Plan A-Growth;13.9097;13.9097;13.9097;20-Sep-2007
102813;LICMF Floater MIP-Plan A-Monthly Dividend;10.3332;10.3332;10.3332;20-Sep-2007
102814;LICMF Floater MIP-Plan A-Quarterly Dividend;10.3951;10.3951;10.3951;20-Sep-2007
102815;LICMF Floater MIP-Plan A-Yearly Dividend;11.1885;11.1885;11.1885;20-Sep-2007
102820;LICMF Floater MIP-Plan B-Growth;12.4193;12.4193;12.4193;20-Sep-2007
102817;LICMF Floater MIP-Plan B-Monthly Dividend;10.2652;10.2652;10.2652;20-Sep-2007
102818;LICMF Floater MIP-Plan B-Quarterly Dividend;10.2224;10.2224;10.2224;20-Sep-2007
102819;LICMF Floater MIP-Plan B-Yearly Dividend;10.8102;10.8102;10.8102;20-Sep-2007
102269;LICMF Floating Rate Fund - Short Term Plan-Dividend;10.1529;10.1529;10.1529;20-Sep-2007
102268;LICMF Floating Rate Fund - Short Term Plan-Growth;12.4402;12.4402;12.4402;20-Sep-2007
105822;LICMF LIQUID PLUS FUND - DAILY DIVIDEND OPTION;10.0000;10.0000;10.0000;20-Sep-2007
105823;LICMF LIQUID PLUS FUND - GROWTH OPTION;10.2409;10.2409;10.2409;20-Sep-2007
105856;LICMF LIQUID PLUS FUND - MONTHLY DIVIDEND OPTION;10.1177;10.1177;10.1177;20-Sep-2007
105857;LICMF LIQUID PLUS FUND - WEEKLY DIVIDEND OPTION;10.0080;10.0080;10.0080;20-Sep-2007
101869;LICMF Monthly Income Plan-Growth Option;26.6122;26.6122;26.6122;20-Sep-2007
101866;LICMF Monthly Income Plan-Monthly Option;10.3840;10.3840;10.3840;20-Sep-2007
101867;LICMF Monthly Income Plan-Quarterly Option;10.4190;10.4190;10.4190;20-Sep-2007
101868;LICMF Monthly Income Plan-Yearly Option;11.3829;11.3829;11.3829;20-Sep-2007
101829;LICMF Short Term Plan-Dividend Option;10.0469;10.0469;10.0469;20-Sep-2007
101830;LICMF Short Term Plan-Growth Option;12.1836;12.1836;12.1836;20-Sep-2007

Lotus India Mutual Fund
106173;Lotus India Active Income Fund - Institutional - Growth;10.0692;10.0692;10.0692;20-Sep-2007
106174;Lotus India Active Income Fund - Institutional - MonthlyDividend;10.0692;10.0692;10.0692;20-Sep-2007
106177;Lotus India Active Income Fund - Retail - Growth;10.0562;9.9556;10.0562;20-Sep-2007
106171;Lotus India Active Income Fund - Retail - MonthlyDividend;10.0562;9.9556;10.0562;20-Sep-2007
106172;Lotus India Active Income Fund - Retail - QuarterlyDividend;10.0562;9.9556;10.0562;20-Sep-2007
105186;Lotus India Short Term Plan - Institutional - Daily Dividend;10.0565;10.0565;10.0565;20-Sep-2007

105189;Lotus India Short Term Plan - Institutional - Growth;10.5657;10.5657;10.5657;20-Sep-2007
105187;Lotus India Short Term Plan - Institutional - Monthly Dividend;10.1153;10.1153;10.1153;20-Sep-2007
105192;Lotus India Short Term Plan - Institutional - Weekly Dividend;10.0856;10.0856;10.0856;20-Sep-2007
105185;Lotus India Short Term Plan - Retail - Growth;10.5654;10.5390;10.5654;20-Sep-2007
105191;Lotus India Short Term Plan - Retail - Monthly Dividend;10.1148;10.0895;10.1148;20-Sep-2007
105190;Lotus India Short Term Plan - Retail - Weekly Dividend;10.0851;10.0599;10.0851;20-Sep-2007

PRINCIPAL Mutual Fund
100151;Principal Child Benefit Fund-Super Saver-Career Builder Plan;70.3400;69.9900;71.9200;20-Sep-2007
100150;Principal Child Benefit Fund-Super Saver-Future Guard Plan;69.4100;67.3300;70.9700;20-Sep-2007
100136;Principal Deposit Fund-Plan 54EA/EB-Plan 54EA /EB;17.9034;17.9034;17.9034;29-Dec-2006
102968;Principal Deposit Fund 371 days plan-March 05-Dividend;10.0000;9.8100;10.4000;3-Apr-2006
102969;Principal Deposit Fund 371 days plan-March 05-Growth;10.6181;10.4164;11.0428;3-Apr-2006
103296;Principal Deposit Fund 371 days plan-Oct 05-Dividend;10.62;10.4182;11.0448;30-Oct-2006
103297;Principal Deposit Fund 371 days plan-Oct 05-Growth;10.62;10.4182;11.0448;30-Oct-2006
103333;Principal Deposit Fund 91 days plan-Nov 05-Dividend;10;9.81;10;16-Aug-2006
103332;Principal Deposit Fund 91 days plan-Nov 05-Growth;10.5063;10.3067;10.5063;16-Aug-2006
102719;Principal Floating Rate Fund - FMP-Growth;12.1602;12.1298;12.1602;20-Sep-2007
105461;Principal Floating Rate Fund - FMP-Insti. Daily Dividend;10.0123;10.0123;10.0123;20-Sep-2007
102722;Principal Floating Rate Fund - FMP-Insti. Growth;12.2051;12.2051;12.2051;20-Sep-2007
102724;Principal Floating Rate Fund - FMP-Insti. Monthly Dividend;10.1393;10.1393;10.1393;20-Sep-2007
102723;Principal Floating Rate Fund - FMP-Insti. Weekly Dividend;10.0007;10.0007;10.0007;20-Sep-2007
102721;Principal Floating Rate Fund - FMP-Monthly Dividend;10.4486;10.4225;10.4486;20-Sep-2007
102720;Principal Floating Rate Fund - FMP-Weekly Dividend;10.0008;9.9758;10.0008;20-Sep-2007
105462;rincipal Floating Rate Fund - FMP-Reg  Daily Dividend;10.0122;10.0122;10.0122;20-Sep-2007
100960;Principal Income Fund-Dividend Plan-Annual;10.9138;10.8592;10.9138;20-Sep-2007
100957;Principal Income Fund-Dividend Plan-Half Yearly;10.7218;10.6682;10.7218;20-Sep-2007
100961;Principal Income Fund-Dividend Plan-Institutional – Quarterly;11.4520;11.4520;11.4520;20-Sep-2007
100958;Principal Income Fund-Dividend Plan-Quaterly;10.5651;10.5123;10.5651;20-Sep-2007
100962;Principal Income Fund-Growth Plan-growth;10.8705;10.7618;10.8705;20-Sep-2007
100963;Principal Income Fund-Growth Plan-Institutional – Growth;12.8241;12.8241;12.8241;20-Sep-2007
101897;Principal Money Value Bond Fund-Dividend;10.6374;10.6374;10.5842;17-Mar-2006
101896;Principal Money Value Bond Fund-Growth;19.4263;19.4263;19.3292;17-Mar-2006
101498;Principal Monthly Income Plan-Growth;16.3203;16.2387;16.3203;20-Sep-2007
101499;Principal Monthly Income Plan-Monthly Dividend;11.0937;11.0382;11.0937;20-Sep-2007
101500;Principal Monthly Income Plan-Quaterly Dividend;11.2468;11.1906;11.2468;20-Sep-2007
102169;Principal Monthly Income Plan - Plus-Dividend - Monthly;11.3733;11.3164;11.3733;20-Sep-2007
102170;Principal Monthly Income Plan - Plus-Dividend - Quarterly;11.4931;11.4356;11.4931;20-Sep-2007
102171;Principal Monthly Income Plan - Plus-Growth;13.9603;13.8905;13.9603;20-Sep-2007
102405;Principal Pnb Debt Fund-Dividend;NA;NA;NA;17-Mar-2006
102406;Principal Pnb Debt Fund-Growth;19.7991;19.7001;19.7991;17-Mar-2006
101462;Principal Short Term Plan-Dividend;10.2874;10.2617;10.2874;20-Sep-2007
101463;Principal Short Term Plan-Growth;13.9845;13.9495;13.9845;20-Sep-2007
101466;Principal Short Term Plan-Institutional – Dividend Plan;10.5045;10.5045;10.5045;20-Sep-2007
101465;Principal Short Term Plan-Institutional – Growth Plan;13.0061;13.0061;13.0061;20-Sep-2007
101467;Principal Short Term Plan-Institutional – Weekly Dividend Plan;10.8256;10.8256;10.8256;20-Sep-2007
101613;Principal Trust Benefit Fund-Annual Dividend;10.6175;10.6175;12.0849;17-Mar-2006
101614;Principal Trust Benefit Fund-Growth;12.2689;12.2689;12.0849;17-Mar-2006
101615;Principal Trust Benefit Fund-Haly Yearly Dividend;10.3738;10.3738;10.2182;17-Mar-2006
101612;Principal Trust Benefit Fund-Quaterly Dividend;10.2614;10.2614;10.1075;17-Mar-2006

Reliance Mutual Fund
100386;Reliance Income Fund-Retail Plan - Annual Dividend Plan;12.8551;12.8551;12.8551;20-Sep-2007
100388;Reliance Income Fund-Retail Plan - Growth Plan Bonus Option;11.3929;11.3929;11.3929;20-Sep-2007
100387;Reliance Income Fund-Retail Plan - Growth Plan Growth Option;24.1744;24.1744;24.1744;20-Sep-2007
100385;Reliance Income Fund-Retail Plan - Half Yearly Dividend Plan;11.3908;11.3908;11.3908;20-Sep-2007
100383;Reliance Income Fund-Retail Plan - Monthly Dividend Plan;10.8569;10.8569;10.8569;20-Sep-2007
100384;Reliance Income Fund-Retail Plan - Quarterly Dividend Plan;12.3963;12.3963;12.3963;20-Sep-2007
105663;Reliance Interval Fund Annual Interval Fund Series-I-Institutional Plan Growth Option;10.4578;10.4578;10.4578;20-Sep-2007
105660;Reliance Interval Fund Annual Interval Fund Series-I-Institutional Plan-Dividend Option;10.0954;10.0954;10.0954;29-May-2007
105661;Reliance Interval Fund Annual Interval Fund Series-I-Retail Plan Growth Option;10.4416;10.4416;10.4416;20-Sep-2007
105662;Reliance Interval Fund Annual Interval Fund Series-I-Retail Plan-Dividend Option;10.4416;10.4416;10.4416;20-Sep-2007
105232;Reliance Interval Fund-Monthly Interval Fund-Series-I-Institutional Plan-Dividend Option;10.0149;10.0149;10.0149;20-Sep-2007
105231;Reliance Interval Fund-Monthly Interval Fund-Series-I-Institutional Plan-Growth Option;10.4673;10.4673;10.4673;20-Sep-2007
105229;Reliance Interval Fund-Monthly Interval Fund-Series-I-Retail Plan Growth Option;10.4628;10.4628;10.4628;20-Sep-2007

105230;Reliance Interval Fund-Monthly Interval Fund-Series-I-Retail Plan-Dividend Option;10.0147;10.0147;10.0147;20-Sep-2007
105402;Reliance Interval Fund-Monthly Interval Fund-Series-II-Institutional Plan-Dividend Option;10.0514;10.0514;10.0514;20-Sep-2007
105399;Reliance Interval Fund-Monthly Interval Fund-Series-II-Institutional Plan-Growth Option;10.4401;10.4401;10.4401;20-Sep-2007
105400;Reliance Interval Fund-Monthly Interval Fund-Series-II-Retail Plan Growth Option;10.4393;10.4393;10.4393;20-Sep-2007
105401;Reliance Interval Fund-Monthly Interval Fund-Series-II-Retail Plan-Dividend Option;10.0508;10.0508;10.0508;20-Sep-2007
105691;Reliance Interval Fund-Quarterly Interval Fund Serie-II-Institutional Plan -Dividend Option;10.0958;10.0958;10.0958;20-Sep-2007
105690;Reliance Interval Fund-Quarterly Interval Fund Serie-II-Institutional Plan Growth Option;10.3638;10.3638;10.3638;20-Sep-2007
105689;Reliance Interval Fund-Quarterly Interval Fund Serie-II-Retail Plan Growth Option;10.3627;10.3627;10.3627;20-Sep-2007
105692;Reliance Interval Fund-Quarterly Interval Fund Serie-II-Retail Plan-Dividend Option;10.0976;10.0976;10.0976;20-Sep-2007
105436;Reliance Interval Fund-Quarterly Interval Fund-Series-I-Institutional Plan-Dividend Option;10.1932;10.1932;10.1932;20-Sep-2007
105435;Reliance Interval Fund-Quarterly Interval Fund-Series-I-Institutional Plan-Growth Option;10.4582;10.4582;10.4582;20-Sep-2007
105433;Reliance Interval Fund-Quarterly Interval Fund-Series-I-Retail Plan Growth Option;10.4584;10.4584;10.4584;20-Sep-2007
105434;Reliance Interval Fund-Quarterly Interval Fund-Series-I-Retail Plan-Dividend Option;10.1930;10.1930;10.1930;20-Sep-2007
105883;Reliance Interval Fund-Quarterly Interval Fund-Series-III-Institutional Plan-Dividend Option;10.0318;10.0318;10.0318;20-Sep-2007
105882;Reliance Interval Fund-Quarterly Interval Fund-Series-III-Institutional Plan-Growth Option;10.2541;10.2541;10.2541;20-Sep-2007
105885;Reliance Interval Fund-Quarterly Interval Fund-Series-III-Retail Plan Dividend Option;10.0311;10.0311;10.0311;20-Sep-2007
105884;Reliance Interval Fund-Quarterly Interval Fund-Series-III-Retail Plan Growth Option;10.2564;10.2564;10.2564;20-Sep-2007
105242;Reliance Liquid Plus Fund-Institutional Plan Growth Option;1045.8404;1045.8404;1045.8404;20-Sep-2007
105239;Reliance Liquid Plus Fund-Institutional Plan-Daily Dividend Option;1001.0905;1001.0905;1001.0905;20-Sep-2007
105244;Reliance Liquid Plus Fund-Institutional Plan-Monthly Dividend Option;1003.9509;1003.9509;1003.9509;20-Sep-2007
105240;Reliance Liquid Plus Fund-Institutional Plan-Weekly Dividend Option;1002.5139;1002.5139;1002.5139;20-Sep-2007
105234;Reliance Liquid Plus Fund-Retail Plan Bonus Option;1037.4864;1037.4864;1037.4864;20-Sep-2007
105233;Reliance Liquid Plus Fund-Retail Plan Growth Option;1044.3293;1044.3293;1044.3293;20-Sep-2007
105235;Reliance Liquid Plus Fund-Retail Plan-Daily Dividend Option;1000.8399;1000.8399;1000.8399;20-Sep-2007
105237;Reliance Liquid Plus Fund-Retail Plan-Monthly Dividend Option;1002.0639;1002.0639;1002.0639;20-Sep-2007
105238;Reliance Liquid Plus Fund-Retail Plan-Quarterly Dividend Option;1021.8510;1021.8510;1021.8510;20-Sep-2007
105236;Reliance Liquid Plus Fund-Retail Plan-Weekly Dividend option;1003.9451;1003.9451;1003.9451;20-Sep-2007
100859;Reliance Medium Term Fund-Retail Plan - Growth Plan Bonus Option;11.5447;11.4870;11.5447;20-Sep-2007
100856;Reliance Medium Term Fund-Retail Plan - Growth Plan Growth Option;16.1672;16.0864;16.1672;20-Sep-2007
100857;Reliance Medium Term Fund-Retail Plan - Monthly Dividend Plan;10.3850;10.3331;10.3850;20-Sep-2007
100858;Reliance Medium Term Fund-Retail Plan - Quarterly Dividend Plan;10.8830;10.8286;10.8830;20-Sep-2007
102172;Reliance Monthly Income Plan-Growth Plan;14.1029;14.1029;14.1029;20-Sep-2007
102173;Reliance Monthly Income Plan-Monthly Dividend Plan;11.3691;11.3691;11.3691;20-Sep-2007
102174;Reliance Monthly Income Plan-Quarterly Diviend Plan;11.6530;11.6530;11.6530;20-Sep-2007
102851;Reliance NRI Income Fund-Dividend Plan-Dividend Option;11.5171;11.4595;11.5171;20-Sep-2007
102849;Reliance NRI Income Fund-Growth Plan-Growth Option;11.5171;11.4595;11.5171;20-Sep-2007
101667;Reliance Short Term Fund-Dividend Re-investment Plan;10.5876;10.5876;10.5876;20-Sep-2007
101665;Reliance Short Term Fund-Growth Plan;13.7029;13.7029;13.7029;20-Sep-2007
101669;Reliance Short Term Fund-Quarterly Dividend Plan;12.8948;12.8948;12.8948;20-Sep-2007

Sahara Mutual Fund
101403;Sahara Income Fund-Dividend;11.1786;11.1786;11.1786;21-Sep-2007
101404;Sahara Income Fund-Growth;13.5783;13.5783;13.5783;21-Sep-2007
101575;Sahara Short Term Plan-Dividend;11.2452;11.2452;11.2452;4-Jul-2006
101576;Sahara Short Term Plan-Growth;12.4868;12.4868;12.4868;4-Jul-2006

SBI Mutual Fund
100640;SBI Magnum Income Fund-Bonus;12.3805;12.3186;12.3805;20-Sep-2007
100638;SBI Magnum Income Fund-Dividend;10.4034;10.3514;10.4034;20-Sep-2007
100639;SBI Magnum Income Fund-Growth;20.4395;20.3373;20.4395;20-Sep-2007
102054;SBI Magnum Income Plus Fund - Investment Plan (D);10.6301;10.5238;10.6301;20-Sep-2007
102053;SBI Magnum Income Plus Fund - Investment Plan (G);13.5287;13.3934;13.5287;20-Sep-2007
102056;SBI Magnum Income Plus Fund - Savings Plan (D);10.2229;10.1207;10.2229;20-Sep-2007
102055;SBI Magnum Income Plus Fund - Savings Plan (G);10.5676;10.4619;10.5676;20-Sep-2007
100929;SBI Magnum Monthly Income Plan-Dividend-Annually;11.0661;11.0108;11.0661;20-Sep-2007
100927;SBI Magnum Monthly Income Plan-Dividend-Monthly;10.8231;10.7690;10.8231;20-Sep-2007
100928;SBI Magnum Monthly Income Plan-Dividend-Quaterly;10.7984;10.7444;10.7984;20-Sep-2007
100968;SBI Magnum Monthly Income Plan - Growth;17.4879;17.4005;17.4879;20-Sep-2007
103409;SBI Magnum Monthly Income Plan-Floater-Dividend-(Annual);10.8217;10.8217;10.8217;20-Sep-2007
103400;SBI Magnum Monthly Income Plan-Floater-Dividend-(Monthly);10.3142;10.3142;10.3142;20-Sep-2007
103401;SBI Magnum Monthly Income Plan-Floater-Dividend-(Quarterly);10.4787;10.4787;10.4787;20-Sep-2007

103408;SBI Magnum Monthly Income Plan-Floater-Growth;11.2330;11.2330;11.2330;20-Sep-2007
102202;SBI MAGNUM NRI - SHORT TERM BOND PLAN-DIVIDEND;10.4396;10.4396;10.4396;20-Sep-2007
102201;SBI MAGNUM NRI - SHORT TERM BOND PLAN-GROWTH;10.7313;10.7313;10.7313;20-Sep-2007
102206;SBI MAGNUM NRI LONG TERM BOND PLAN-DIVIDEND;10.1770;10.1261;10.1770;20-Sep-2007
102205;SBI MAGNUM NRI LONG TERM BOND PLAN-GROWTH;10.7745;10.7206;10.7745;20-Sep-2007
106221;SBI Short Horizon Fund - Liquid Plus fund - Institutional Plan - Daily Dividend;10.0050;10.0050;10.0050;20-Sep-2007
106223;SBI Short Horizon Fund - Liquid Plus fund - Institutional Plan - Fortnightly Dividend;0;0;0;20-Sep-2007
106217;SBI Short Horizon Fund - Liquid Plus fund - Institutional Plan - Growth;10.1019;10.1019;10.1019;20-Sep-2007
106224;SBI Short Horizon Fund - Liquid Plus fund - Institutional Plan - Monthly Dividend;10.0533;10.0533;10.0533;20-Sep-2007
106222;SBI Short Horizon Fund - Liquid Plus fund - Institutional Plan - Weekly Dividend;10.0215;10.0215;10.0215;20-Sep-2007
106213;SBI Short Horizon Fund - Liquid Plus fund - Retail Plan - Daily Dividend;10.0048;10.0048;10.0048;20-Sep-2007
106215;SBI Short Horizon Fund - Liquid Plus fund - Retail Plan - fortnightly Dividend;0;0;0;20-Sep-2007
106212;SBI Short Horizon Fund - Liquid Plus fund - Retail Plan - Growth;10.0942;10.0942;10.0942;20-Sep-2007
106216;SBI Short Horizon Fund - Liquid Plus fund - Retail Plan - Monthly Dividend;10.0522;10.0522;10.0522;20-Sep-2007
106214;SBI Short Horizon Fund - Liquid Plus fund - Retail Plan - Weekly Dividend;10.0194;10.0194;10.0194;20-Sep-2007
106234;SBI SHORT HORIZON FUND-SHORT TERM FUND INSTITUTIONAL  DIVIDEND FORTNIGHTLY;0;0;0;20-Sep-2007
106233;SBI SHORT HORIZON FUND-SHORT TERM FUND INSTITUTIONAL  DIVIDEND MONTHLY;10.0477;10.0477;10.0477;20-Sep-2007
106232;SBI SHORT HORIZON FUND-SHORT TERM FUND INSTITUTIONAL  DIVIDEND WEEKLY;0;0;0;20-Sep-2007
106231;SBI SHORT HORIZON FUND-SHORT TERM FUND INSTTUTIONAL  GROWTH;0;0;0;20-Sep-2007
106230;SBI SHORT HORIZON FUND-SHORT TERM FUND RETAIL DIVIDEND FORTNIGHTLY;0;0;0;20-Sep-2007
106229;SBI SHORT HORIZON FUND-SHORT TERM FUND RETAIL DIVIDEND MONTHLY;10.0482;9.9980;10.0482;20-Sep-2007
106228;SBI SHORT HORIZON FUND-SHORT TERM FUND RETAIL DIVIDEND WEEKLY;10.0280;9.9779;10.0280;20-Sep-2007
106227;SBI SHORT HORIZON FUND-SHORT TERM FUND RETAIL GROWTH;10.0729;10.0225;10.0729;20-Sep-2007

Standard Chartered Mutual Fund
102342;GCF-Plan C-Daily Dividend;10.0005;10.0005;10.0005;20-Sep-2007
102340;GCF-Plan C-Growth;12.1749;12.1749;12.1749;20-Sep-2007
102343;GCF-Plan C-Monthly Dividend;0;0;0;20-Sep-2007
102341;GCF-Plan C-weekly Dividend;10.01;10.01;10.01;20-Sep-2007
101780;GCF Daily-Dividend(Institutional Plan);10.5816;10.5816;10.5816;20-Sep-2007
101760;GCF Dividend-Weekly(Institutional Plan);10.3093;10.3093;10.3093;20-Sep-2007
102348;GFRF-Plan C-Daily Dividend;10.0015;10.0015;10.0015;20-Sep-2007
102347;GFRF-Plan C-Growth;0;0;0;20-Sep-2007
102350;GFRF-Plan C-Monthly Divdend;0;0;0;20-Sep-2007
102349;GFRF-Plan C-Weekly Dividend;0;0;0;20-Sep-2007
101947;GFRF (Daily - Dividind);10.0699;10.0699;10.0699;20-Sep-2007
101948;GFRF (Dividend - Weekly);10.0759;10.0759;10.0759;20-Sep-2007
101773;GFRF - Growth(Institutional Plan);12.565;12.565;12.565;20-Sep-2007
101774;GFRF Dividend-Daily (Institutional Plan);10.0703;10.0703;10.0703;20-Sep-2007
101776;GFRF Dividend-Monthly(Institutional Plan);0;0;0;20-Sep-2007
101775;GFRF Dividend-Weekly(Institutional Plan);10.1005;10.1005;10.1005;20-Sep-2007
102558;GFRF Long Term-Plan A-Dividend Annual;10.581;10.581;10.581;20-Sep-2007
105437;GFRF Long Term-Plan A-Dividend Daily;10.003;10.003;10.003;20-Sep-2007
102559;GFRF Long Term-Plan A-Dividend Monthly;10.0507;10.0507;10.0507;20-Sep-2007
102557;GFRF Long Term-Plan A-Dividend Quarterly;10.3881;10.3881;10.3881;20-Sep-2007
102556;GFRF Long Term-Plan A-Growth;11.9476;11.9476;11.9476;20-Sep-2007
105432;GFRF Long Term-Plan B-Dividend Daily;10.003;10.003;10.003;20-Sep-2007
102563;GFRF Long Term-Plan B-Dividend Monthly;10.051;10.051;10.051;20-Sep-2007
102561;GFRF Long Term-Plan B-Dividend Quarterly;10.4639;10.4639;10.4639;20-Sep-2007
102564;GFRF Long Term-Plan B-Dividend Weekly;10.016;10.016;10.016;20-Sep-2007
102560;GFRF Long Term-Plan B-Growth;12.0393;12.0393;12.0393;20-Sep-2007
101100;Grindlays Cash Fund-Dividend (Daily);10.5819;10.5819;10.5819;20-Sep-2007
101099;Grindlays Cash Fund-Growth;14.1768;14.1768;14.1768;20-Sep-2007
101319;Grindlays Cash Fund - Dividend (Weekly);10.2011;10.2011;10.2011;20-Sep-2007
101632;Grindlays Cash Fund - Plan B (D) (Institutional Plan);0;0;0;20-Sep-2007
101248;Grindlays Cash Fund - Plan B (G) (Institutional Plan);14.2509;14.2509;14.2509;20-Sep-2007
101258;Grindlays Dynamic Bond Fund - GDBF (Annual Dividend);10.7214;10.7214;10.7214;20-Sep-2007
101279;Grindlays Dynamic Bond Fund - GDBF (Growth);14.2541;14.2541;14.2541;20-Sep-2007
101516;Grindlays Dynamic Bond Fund - GDBF (Quarterly Dividend);10.5199;10.5199;10.5199;20-Sep-2007
101455;Grindlays Government Securities Fund - IP (Growth);14.2512;14.2512;14.2512;20-Sep-2007
101177;Grindlays Government Securities Fund - IP (Qtr.Dividend);10.471;10.471;10.471;20-Sep-2007
101456;Grindlays Government Securities Fund - ST (Growth);13.0628;13.0628;13.0628;20-Sep-2007
101178;Grindlays Government Securities Fund - ST (Monthly Dividend);10.0859;10.0859;10.0859;20-Sep-2007
101179;Grindlays Government Securities Fund-IP(Annual Dividend);10.7218;10.7218;10.7218;20-Sep-2007
101458;Grindlays Government Securities Fund-IP(H.Yrly Dividend);10.674;10.674;10.674;20-Sep-2007
101180;Grindlays Government Securities Fund-ST (Quarterly Dividend);10.3688;10.3688;10.3688;20-Sep-2007
100031;Grindlays Super Saver Income Fund-GSSIF - ST-Dividend;10.0926;10.0926;10.0926;20-Sep-2007
100032;Grindlays Super Saver Income Fund-GSSIF - ST-Growth;15.5845;15.5845;15.5845;20-Sep-2007
100030;Grindlays Super Saver Income Fund-GSSIF-Annual Dividend;10.6931;10.6931;10.6931;20-Sep-2007

100029;Grindlays Super Saver Income Fund-GSSIF-Growth;17.6834;17.6834;17.6834;20-Sep-2007
100027;Grindlays Super Saver Income Fund-GSSIF-Half Yearly Dividend;10.6644;10.6644;10.6644;20-Sep-2007
100028;Grindlays Super Saver Income Fund-GSSIF-Quaterly Dividend;10.5752;10.5752;10.5752;20-Sep-2007
101633;GSSIF - Short Term (D) Plan B - Institutional Plan;10.0711;10.0711;10.0711;20-Sep-2007
101735;GSSIF - Short Term - (G) Plan B ( Inst. Plan);10.3045;10.3045;10.3045;20-Sep-2007
102015;GSSIF- MT(Div Bimonthly);10.1491;10.1491;10.1491;20-Sep-2007
104137;GSSIF-MT-Plan A-Monthly;10.0298;10.0298;10.0298;20-Sep-2007
102373;GSSIF-MT-Plan C-Growth;10.5869;10.5869;10.5869;2-Sep-2006
102376;GSSIF-MT-Plan D-Dividend-BM;9.9985;9.9985;9.9985;2-Sep-2006
102375;GSSIF-MT-Plan D-Growth;10.0325;10.0325;10.0325;2-Sep-2006
104045;GSSIF-MT(Fortnightly Dividend);10.0514;10.0514;10.0514;20-Sep-2007
101654;GSSIF-MT(Growth);12.3348;12.3348;12.3348;20-Sep-2007
105431;GSSIF-MT-DAILY DIVIDEND;10.0492;10.0492;10.0492;20-Sep-2007
104155;GSSIF-ST-Plan A- Fortnightly Dividend;10.0757;10.0757;10.0757;20-Sep-2007
104157;GSSIF-ST-Plan B- Fortnightly Dividend;10.0761;10.0761;10.0761;20-Sep-2007
104156;GSSIF-ST-Plan C- Fortnightly Dividend;10.0759;10.0759;10.0759;20-Sep-2007
102364;GSSIF-ST-Plan C-Dividend;0;0;0;20-Sep-2007
102363;GSSIF-ST-Plan C-Growth;11.5707;11.5707;11.5707;20-Sep-2007
102366;GSSIF-ST-Plan D-Dividend;0;0;0;20-Sep-2007
102365;GSSIF-ST-Plan D-Growth;0;0;0;20-Sep-2007

Sundaram BNP Paribas Mutual Fund
101545;Sundaram BNP Paribas Income Plus-Appreciation;13.3157;13.3157;13.3157;20-Sep-2007
101544;Sundaram BNP Paribas Income Plus-Dividend;10.8136;10.8136;10.8136;20-Sep-2007
102176;Sundaram  BNP Paribas Monthly Income Plan-Quarterly-Dividend;10.5544;10.5544;10.5544;20-Sep-2007
102178;Sundaram BNP Paribas  Monthly Income Plan-Growth;13.2642;13.2642;13.2642;20-Sep-2007
102177;Sundaram BNP Paribas  Monthly Income Plan-Half-yearly Dividend;10.7826;10.7826;10.7826;20-Sep-2007
102175;Sundaram BNP Paribas  Monthly Income Plan-Monthly Dividend;10.3457;10.3457;10.3457;20-Sep-2007
106553;SUNDARAM BNP PARIBAS FIXED INCOME INTERVAL FUND QTRLY PLAN A INST  DIVIDEND;10.0202;10.0202;0.0000;20-Sep-2007
106555;SUNDARAM BNP PARIBAS FIXED INCOME INTERVAL FUND QTRLY PLAN A INST  GROWTH;10.0202;10.0202;0.0000;20-Sep-2007
106556;SUNDARAM BNP PARIBAS FIXED INCOME INTERVAL FUND QTRLY PLAN A REGULAR DIVIDEND;10.0202;10.0202;0.0000;20-Sep-2007
106554;SUNDARAM BNP PARIBAS FIXED INCOME INTERVAL FUND QTRLY PLAN A REGULAR GROWTH;10.0202;10.0202;0.0000;20-Sep-2007
105554;Sundaram BNP Paribas Liquid Plus Inst Daily Dividend;10.0170;10.0170;0.0000;20-Sep-2007
105560;Sundaram BNP Paribas Liquid Plus Inst Fortnightly  Dividend;0.0000;0.0000;0.0000;20-Sep-2007
105562;Sundaram BNP Paribas Liquid Plus Inst Growth;10.3451;10.3451;0.0000;20-Sep-2007
105561;Sundaram BNP Paribas Liquid Plus Inst Monthly  Dividend;10.0907;10.0907;0.0000;20-Sep-2007
105555;Sundaram BNP Paribas Liquid Plus Inst Qtrly   Dividend;0.0000;0.0000;0.0000;20-Sep-2007
105559;Sundaram BNP Paribas Liquid Plus Inst Weekly  Dividend;10.1575;10.1575;0.0000;20-Sep-2007
105553;Sundaram BNP Paribas Liquid Plus Regular Daily Dividend;10.0170;10.0170;0.0000;20-Sep-2007
105550;Sundaram BNP Paribas Liquid Plus Regular fortnightly   Dividend;0.0000;0.0000;0.0000;20-Sep-2007
105564;Sundaram BNP Paribas Liquid Plus Regular Growth;10.3434;10.3434;0.0000;20-Sep-2007
105551;Sundaram BNP Paribas Liquid Plus Regular Monthly    Dividend;0.0000;0.0000;0.0000;20-Sep-2007
105552;Sundaram BNP Paribas Liquid Plus Regular Quarterly    Dividend;10.2186;10.2186;0.0000;20-Sep-2007
105549;Sundaram BNP Paribas Liquid Plus Regular Weekly  Dividend;0.0000;0.0000;0.0000;20-Sep-2007
105565;Sundaram BNP Paribas Liquid Plus Super Inst Daily Dividend;10.0170;10.0170;0.0000;20-Sep-2007
105557;Sundaram BNP Paribas Liquid Plus Super Inst Fortnightly Dividend;0.0000;0.0000;0.0000;20-Sep-2007
105563;Sundaram BNP Paribas Liquid Plus Super Inst Growth;10.3579;10.3579;0.0000;20-Sep-2007
105566;Sundaram BNP Paribas Liquid Plus Super Inst Monthly Dividend;0.0000;0.0000;0.0000;20-Sep-2007
105558;Sundaram BNP Paribas Liquid Plus Super Inst Qtrly Dividend;0.0000;0.0000;0.0000;20-Sep-2007
105556;Sundaram BNP Paribas Liquid Plus Super Inst Weekly Dividend;0.0000;0.0000;0.0000;20-Sep-2007
100610;Sundaram BNP Paribas  Bond Saver-Annual Dividend;10.2931;10.2931;10.2931;20-Sep-2007
100604;Sundaram BNP Paribas Bond Saver-Bonus Option;12.3678;12.3678;12.3678;20-Sep-2007
100603;Sundaram BNP Paribas Bond Saver-Growth;23.4943;23.4943;23.4943;20-Sep-2007
100609;Sundaram BNP Paribas Bond Saver-Half-Yearly Dividend;10.4422;10.4422;10.4422;20-Sep-2007
100611;Sundaram BNP Paribas Bond Saver-Institutional Plan - Bonus Option;12.0745;12.0745;12.0745;20-Sep-2007
100607;Sundaram BNP Paribas Bond Saver-Institutional Plan(Annual Dividend);0.0000;0.0000;0.0000;20-Sep-2007
100608;Sundaram BNP Paribas Bond Saver-Institutional Plan(Growth);0.0000;0.0000;0.0000;20-Sep-2007
100606;Sundaram BNP Paribas Bond Saver-Institutional Plan(Half-Yearly Dividend);0.0000;0.0000;0.0000;20-Sep-2007
100605;Sundaram BNP Paribas Bond Saver-Institutional Plan(Qtrly Dividend);10.3393;10.3393;10.3393;20-Sep-2007
100602;Sundaram BNP Paribas Bond Saver-Qtrly Dividend;10.3387;10.3387;10.3387;20-Sep-2007
101572;Sundaram BNP Paribas  Select  Debt-Dynamic Asset Plan-Half-yearly Dividend;10.2985;10.2985;10.2985;20-Sep-2007
101571;Sundaram BNP Paribas  Select  Debt-Dynamic Asset Plan-Quarterly Dividend;10.1605;10.1605;10.1605;20-Sep-2007
101554;Sundaram BNP Paribas Select  Debt-3-Year Asset Plan-Annual Div;0.0000;0.0000;0.0000;20-Sep-2007
101555;Sundaram BNP Paribas Select  Debt-3-Year Asset Plan-Appreciation Option;0.0000;0.0000;0.0000;20-Sep-2007
101553;Sundaram BNP Paribas Select  Debt-3-Year Asset Plan-Half-Yearly Div;0.0000;0.0000;0.0000;20-Sep-2007
101552;Sundaram BNP Paribas Select  Debt-3-Year Asset Plan-Quarterly Div;0.0000;0.0000;0.0000;20-Sep-2007

101569;Sundaram BNP Paribas Select  Debt-5-Year Asset Plan-Annual Div;0.0000;0.0000;0.0000;20-Sep-2007
101570;Sundaram BNP Paribas Select  Debt-5-Year Asset Plan-Appreciation Option;0.0000;0.0000;0.0000;20-Sep-2007
101568;Sundaram BNP Paribas Select  Debt-5-Year Asset Plan-Half-Yearly Div;0.0000;0.0000;0.0000;20-Sep-2007
101567;Sundaram BNP Paribas Select  Debt-5-Year Asset Plan-Quarterly Div;0.0000;0.0000;0.0000;20-Sep-2007
101573;Sundaram BNP Paribas Select  Debt-Dynamic Asset Plan-Annual Divided;10.2689;10.2689;10.2689;20-Sep-2007
101574;Sundaram BNP Paribas Select  Debt-Dynamic Asset Plan-Appreciation;13.1795;13.1795;13.1795;20-Sep-2007
101558;Sundaram BNP Paribas Select  Debt-Long-Term Asset Plan-Annual Div;0.0000;0.0000;0.0000;20-Sep-2007
101559;Sundaram BNP Paribas Select  Debt-Long-Term Asset Plan-Appreciation Option;0.0000;0.0000;0.0000;20-Sep-2007
101557;Sundaram BNP Paribas Select  Debt-Long-Term Asset Plan-Half-Yearly Div;0.0000;0.0000;0.0000;20-Sep-2007
101556;Sundaram BNP Paribas Select  Debt-Long-Term Asset Plan-Quarterly Div;0.0000;0.0000;0.0000;20-Sep-2007
101562;Sundaram BNP Paribas Select  Debt-Short-term Asset Plan-Annual Div;10.4529;10.4529;10.4529;20-Sep-2007
101563;Sundaram BNP Paribas Select  Debt-Short-term Asset Plan-Appreciation Option;13.5422;13.5422;13.5422;20-Sep-2007
101565;Sundaram BNP Paribas Select  Debt-Short-term Asset Plan-Fortnighty Dividend Reinvst;10.7837;10.7837;10.7837;20-Sep-2007
101561;Sundaram BNP Paribas Select  Debt-Short-term Asset Plan-Half-Yearly Div;10.6139;10.6139;10.6139;20-Sep-2007
101566;Sundaram BNP Paribas Select  Debt-Short-term Asset Plan-Monthly Dividend Reinvst;10.7167;10.7167;10.7167;20-Sep-2007
101560;Sundaram BNP Paribas Select  Debt-Short-term Asset Plan-Quarterly Div;10.5533;10.5533;10.5533;20-Sep-2007
101564;Sundaram BNP Paribas Select  Debt-Short-term Asset Plan-Weekly Dividend Reinvst;11.1458;11.1458;11.1458;20-Sep-2007

Tata Mutual Fund
101224;Tata Dynamic Bond Fund A - Dividend;10.3469;10.2952;10.3469;20-Sep-2007
101909;Tata Dynamic Bond Fund A - Growth;12.5627;12.4999;12.5627;20-Sep-2007
102031;Tata Dynamic Bond Fund B - Dividend;10.1771;10.1262;10.1771;20-Sep-2007
101910;Tata Dynamic Bond Fund B - Growth;12.5673;12.5045;12.5673;20-Sep-2007
102572;Tata Fixed Horizon Annual Aug 04 App;0.0000;0.0000;0.0000;4-Jan-2006
102571;Tata Fixed Horizon Annual Aug 04 Div;0.0000;0.0000;0.0000;4-Jan-2006
102857;Tata Fixed Horizon Annual Plan 3 (Nov 04) (App);0.0000;0.0000;0.0000;4-Jan-2006
102748;Tata Fixed Horizon Annual Sept  04 App;0.0000;0.0000;0.0000;4-Jan-2006
102876;Tata Fixed Horizon Fund Annual Jan 05 Appr;0.0000;0.0000;0.0000;7-Sep-2007
102845;Tata Fixed Horizon Qrtly Dividend (Nov 04);0.0000;0.0000;0.0000;4-Jan-2006
102568;Tata Fixed Horizon Qtrly Aug04 App;0.0000;0.0000;0.0000;4-Jan-2006
102567;Tata Fixed Horizon Qtrly Aug04 Div;0.0000;0.0000;0.0000;4-Jan-2006
102747;Tata Fixed Horizon Qtrly Sept 04 Div;0.0000;0.0000;0.0000;4-Jan-2006
100416;Tata Income Fund - Div Qtrly;10.3760;10.1685;10.3760;20-Sep-2007
100417;Tata Income Fund - Div Semi;10.9142;10.6959;10.9142;20-Sep-2007
100418;Tata Income Fund - Growth;25.9452;25.4263;25.9452;20-Sep-2007
101419;Tata Income Fund - Growth Bonus Option;12.9844;12.7247;12.9844;20-Sep-2007
101186;Tata Income Fund Appreciation - Per  Dividend;15.0410;14.7402;15.0410;20-Sep-2007
101856;Tata Income Plus Fund - Option C Dividend;0.0000;0.0000;0.0000;14-Sep-2007
101966;Tata Income Plus Fund - Option C Growth;0.0000;0.0000;0.0000;14-Sep-2007
101703;Tata Income Plus Fund A - Growth Option;12.8887;12.8887;12.8887;20-Sep-2007
101605;Tata Income Plus Fund A - Income / Bonus Option;10.4380;10.4380;10.4380;20-Sep-2007
101704;Tata Income Plus Fund B - Growth Option;12.9231;12.9231;12.9231;20-Sep-2007
101606;Tata Income Plus Fund B - Income / Bonus Option;10.4539;10.4539;10.4539;20-Sep-2007
102283;Tata M I P Plus Fund - Growth;12.7975;12.7335;12.7975;20-Sep-2007
102282;Tata M I P Plus Fund - Half Yearly Dividend;10.9860;10.9311;10.9860;20-Sep-2007
102280;Tata M I P Plus Fund - Monthly Dividend;10.7138;10.6602;10.7138;20-Sep-2007
102281;Tata M I P Plus Fund - Quarterly Dividend;10.6685;10.6152;10.6685;20-Sep-2007
102118;Tata Monthly Income Fund - Qrtly Option;11.9922;11.9322;11.9922;20-Sep-2007
101609;Tata Monthly Income Fund - Regular;11.8150;11.7559;11.8150;20-Sep-2007
101906;Tata Monthly Income Fund Growth;15.2862;15.2098;15.2862;20-Sep-2007
101548;Tata Short Term Bond Fund - App Option;14.0059;14.0059;14.0059;20-Sep-2007
101547;Tata Short Term Bond Fund - Reg Income Option;11.1918;11.1918;11.1918;20-Sep-2007
106130;Tata Treasury Manager Fund High Investment Plan Daily Dividend;1001.0000;1001.0000;1001.0000;20-Sep-2007
106129;Tata Treasury Manager Fund High Investment Plan Growth;1015.4344;1015.4344;1015.4344;20-Sep-2007
106132;Tata Treasury Manager Fund High Investment Plan Monthly Dividend;1005.9632;1005.9632;1005.9632;20-Sep-2007
106131;Tata Treasury Manager Fund High Investment Plan Weekly Dividend;1001.4183;1001.4183;1001.4183;20-Sep-2007
106128;Tata Treasury Manager Fund Retail Investment Plan Growth;1015.3469;1015.3469;1015.3469;20-Sep-2007
106123;Tata Treasury Manager Fund Retail Investment Plan Monthly Dividend;1006.4133;1006.4133;1006.4133;20-Sep-2007
106133;Tata Treasury Manager Fund Super High Investment Plan Daily Dividend;1003.0000;1003.0000;1003.0000;20-Sep-2007
106136;Tata Treasury Manager Fund Super High Investment Plan Growth;1015.6204;1015.6204;1015.6204;20-Sep-2007
106135;Tata Treasury Manager Fund Super High Investment Plan Monthly Dividend;0.0000;0.0000;0.0000;14-Sep-2007
106134;Tata Treasury Manager Fund Super High Investment Plan Weekly Dividend;0.0000;0.0000;0.0000;14-Sep-2007

Taurus Mutual Fund
101113;Libra Bond Fund-Dividend;14.0358;14.0007;14.0358;21-Sep-2007
101114;Libra Bond Fund-Growth;14.4302;14.3941;14.4302;21-Sep-2007

UTI Mutual Fund
100648;UTI - CRTS 81 - Dividend Option;114.9663;114.9663;116.116;20-Sep-2007

104588;UTI - CRTS 81 - Growth Option;120.2377;120.2377;121.4401;20-Sep-2007
101079;UTI - Mahila Unit Scheme (MUS);30.038;30.038;30.4886;20-Sep-2007
101608;UTI - MIS-Growth;14.7863;14.7863;14.7863;20-Sep-2007
101607;UTI - MIS-Income;11.2556;11.2556;11.2556;20-Sep-2007
102534;UTI - MIS-ADVANTAGE-FLEXI DIVIDEND;15.0879;15.0879;15.0879;20-Sep-2007
102535;UTI - MIS-ADVANTAGE-GROWTH;15.0872;15.0872;15.0872;20-Sep-2007
102536;UTI - MIS-ADVANTAGE-MONTHLY DIVIDEND;12.3513;12.3513;12.3513;20-Sep-2007
102533;UTI - MIS-ADVANTAGE-MONTHLY PAYMENT;15.0707;15.0707;15.0707;20-Sep-2007
100682;UTI - Retirement Benefit Pension Fund;19.6027;19.6027;19.8967;20-Sep-2007
106383;UTI - Short Term Income Fund - Dividend Option;10.4168;10.4168;10.4168;20-Sep-2007
106384;UTI - Short Term Income Fund - Growth Option;12.7336;12.7336;12.7336;20-Sep-2007
106624;UTI - Short Term Income Fund -Institutional Growth Option;10.0089;10.0089;10.0089;20-Sep-2007
100646;UTI - Unit Linked Insurance Plan;15.8735;15.8735;15.8735;20-Sep-2007
100741;UTI Bond Fund-Growth (for rep. After 6 months- No Load);22.5313;22.5313;22.5313;20-Sep-2007
100742;UTI Bond Fund-Income (for rep. Within 3 months);11.1603;11.1603;11.1603;20-Sep-2007
100678;UTI C C BALANCED FUND;14.68;14.68;14.9736;20-Sep-2007
102267;UTI CC-BOND-Growth;11.5381;11.5381;11.5381;20-Sep-2007
102266;UTI CC-BOND-Income;11.5381;11.5381;11.5381;20-Sep-2007
102543;UTI - BOND ADVANTAGE-INSTITUTIONAL-DIVIDEND;1000;1000;1000;30-Apr-2007
105659;UTI - Liquid Plus Fund  - Retail Weekly Dividend Option;1008.4935;1008.4935;1008.4935;20-Sep-2007
105578;UTI - Liquid Plus Fund -  Daily Dividend Option;1012.5678;1012.5678;1012.5678;20-Sep-2007
102541;UTI - Liquid Plus Fund -  Quarterly Dividend Option;1163.6204;1163.6204;1163.6204;20-Sep-2007
102538;UTI - Liquid Plus Fund - Annaul Dividend Option;1199.8925;1199.8925;1199.8925;20-Sep-2007
102539;UTI - Liquid Plus Fund - Bonus Option;1313.8119;1313.8119;1313.8119;20-Sep-2007
102540;UTI - Liquid Plus Fund - Growth Option;1970.9318;1970.9318;1970.9318;20-Sep-2007
105658;UTI - Liquid Plus Fund - Institutional Monthly Dividend Option;1003.6609;1003.6609;1003.6609;20-Sep-2007
102545;UTI - Liquid Plus Fund - Institutional-Bonus Option;1208.8001;1208.8001;1208.8001;20-Sep-2007
105605;UTI - Liquid Plus Fund - Institutional-Daily Dividend;1000;1000;1000;20-Sep-2007
102544;UTI - Liquid Plus Fund - Institutional-Growth;1033.0189;1033.0189;1033.0189;20-Sep-2007
105627;UTI - Liquid Plus Fund - Institutional-weekly Dividend;1001.593;1001.593;1001.593;20-Sep-2007
105670;UTI - Liquid Plus Fund - Retail Monthly Dividend Option;1007.3228;1007.3228;1007.3228;20-Sep-2007

Open Ended Schemes ( Growth )

ABN  AMRO Mutual Fund
102952;ABN  AMRO Opportunities Fund-Dividend;18.582;18.582;19.000;20-Sep-2007
102951;ABN  AMRO Opportunities Fund-Growth;26.999;26.999;27.606;20-Sep-2007
102640;ABN AMRO  Equity Fund-Dividend Plan;18.53;18.53;18.95;20-Sep-2007
102639;ABN AMRO  Equity Fund-Growth Plan;33.86;33.86;34.62;20-Sep-2007
103205;ABN AMRO Dividend Yield Fund-Dividend Option;11.369;11.369;11.625;20-Sep-2007
103204;ABN AMRO Dividend Yield Fund-Growth Option;12.452;12.452;12.732;20-Sep-2007
103585;ABN AMRO Future  Leaders Fund-Dividend Option;11.993;11.993;12.263;20-Sep-2007
103584;ABN AMRO Future  Leaders Fund-Growth Option;11.994;11.994;12.264;20-Sep-2007

AIG Global Investment Group Mutual Fund
105601;AIG India Equity Fund- Institutional Plan- Dividend Option;11.024;10.969;11.024;20-Sep-2007
105599;AIG India Equity Fund- Institutional Plan- Growth Option;11.024;10.969;11.024;20-Sep-2007
105600;AIG India Equity Fund- Regular Plan- Dividend Option;11.011;10.901;11.259;20-Sep-2007
105598;AIG India Equity Fund- Regular Plan- Growth Option;11.011;10.901;11.259;20-Sep-2007

Birla Sun Life Mutual Fund
100034;Birla Advantage Fund-Plan A (Dividend);106.31;106.31;108.70;20-Sep-2007
100033;Birla Advantage Fund-Plan B (Growth);148.13;148.13;151.46;20-Sep-2007
101737;Birla Dividend Yield Plus-Plan A (Dividend);12.02;12.02;12.29;20-Sep-2007
101738;Birla Dividend Yield Plus-Plan B (Growth);49.37;49.37;50.48;20-Sep-2007
101313;Birla Index Fund-Plan A (Dividend);18.8587;18.6701;18.8587;20-Sep-2007
101314;Birla Index Fund-Plan B (Growth);48.7417;48.2543;48.7417;20-Sep-2007
103110;Birla India Gennext Fund-Dividend Option;16.85;16.85;17.23;20-Sep-2007
103111;Birla India Gennext Fund-Growth Option;19.09;19.09;19.52;20-Sep-2007
100065;Birla India Opportunities Fund-Plan A (Dividend);22.85;22.85;23.36;20-Sep-2007
100066;Birla India Opportunities Fund-Plan B (Growth);53.21;53.21;54.41;20-Sep-2007
103475;Birla Infrastructure Fund-Plan A (Dividend);15.95;15.95;16.31;20-Sep-2007
103476;Birla Infrastructure Fund-Plan B (Growth);15.95;15.95;16.31;20-Sep-2007
101591;Birla MIDCAP Fund-Plan A (Dividend);30.41;30.41;31.09;20-Sep-2007
101592;Birla MIDCAP Fund-Plan B (Growth);84.55;84.55;86.45;20-Sep-2007
100063;Birla MNC Fund-Plan A (Dividend);65.57;65.57;67.05;20-Sep-2007
100064;Birla MNC Fund-Plan B (Growth);130.80;130.80;133.74;20-Sep-2007
103169;Birla Sun Life  Buy India Fund-Plan A(Divivdend);21.30;21.09;21.78;20-Sep-2007
103170;Birla Sun Life  Buy India Fund-Plan B(Growth);30.33;30.03;31.01;20-Sep-2007
103171;Birla Sun Life Basic Industries Fund-Plan A(Dividend);36.52;36.15;37.34;20-Sep-2007
103172;Birla Sun Life Basic Industries Fund-Plan B(Growth);89.05;88.16;91.05;20-Sep-2007
106271;BIRLA SUN LIFE CAPITAL PROTECTION ORIENTED FUND-5 YRS-DIVIDEND;10.2864;10.2864;0.0000;20-Sep-2007
106272;BIRLA SUN LIFE CAPITAL PROTECTION ORIENTED FUND-5 YRS-GROWTH;10.2864;10.2864;0.0000;20-Sep-2007
103165;Birla Sun Life Equity Fund-Plan A(Dividend);75.17;75.17;76.86;20-Sep-2007
103166;Birla Sun Life Equity Fund-Plan B(Growth);233.22;233.22;238.47;20-Sep-2007
103173;Birla Sun Life Frontline Equity Fund-Plan A (Divivdend);22.17;22.17;22.67;20-Sep-2007
103174;Birla Sun Life Frontline Equity Fund-Plan B(Growth);63.14;63.14;64.56;20-Sep-2007
103167;Birla Sun Life New Millenium Fund-Plan A(Divivdend);17.29;17.29;17.68;20-Sep-2007

103168;Birla Sun Life New Millenium Fund-Plan B(Growth);20.28;20.28;20.74;20-Sep-2007
103308;Birla Top 100-Dividend Option;16.8727;16.7040;17.2523;20-Sep-2007
103309;Birla Top 100-Growth Option;18.6026;18.4166;19.0212;20-Sep-2007

BOB Mutual Fund
103602;Baroda Global Fund-Dividend;13.4600;13.4631;13.766;21-Sep-2007
103601;Baroda Global Fund-Growth;13.5000;13.4975;13.8012;21-Sep-2007
100069;BOB Diversified Fund;39.14;39.14;40.02;21-Sep-2007
102021;BOB Growth Fund-Dividend Plan;23.92;23.92;24.83;21-Sep-2007
102020;BOB Growth Fund-Growth Plan;37.94;37.94;39.38;21-Sep-2007

Canbank Mutual Fund
103273;CAN D MAT;27.57;27.57;28.19;16-Mar-2007
102922;CANEMERGING EQUITIES-BONUS PLAN;16.81;16.81;17.19;21-Sep-2007
102920;CANEMERGING EQUITIES-GROWTH PLAN;20.08;20.08;20.53;21-Sep-2007
102921;CANEMERGING EQUITIES-INCOME PLAN;13.84;13.84;14.15;21-Sep-2007
101924;Canequity Diversified-Bonus;20.94;20.94;21.41;21-Sep-2007
101922;Canequity Diversified-Growth;38.70;38.70;39.57;21-Sep-2007
101923;Canequity Diversified-Income;20.94;20.94;21.41;21-Sep-2007
100590;CANEXPO-Growth Plan;57.75;57.75;59.05;21-Sep-2007
100589;CANEXPO-Income Plan;16.68;16.68;17.06;21-Sep-2007
103272;CANFORTUNE 94;38.54;38.54;39.41;21-Sep-2007
101715;CANGROWTH PLUS;37.59;37.59;38.44;16-Mar-2007
102806;Canindex-Dividend;16.79;16.79;16.96;21-Sep-2007
102805;Canindex-Growth;26.04;26.04;26.30;21-Sep-2007
103389;CANINFRASTRUCTURE-DIVIDEND;16.69;16.69;17.07;21-Sep-2007
103390;CANINFRASTRUCTURE-GROWTH;19.54;19.54;19.98;21-Sep-2007

DBS Chola Mutual Fund
103540;DBS Chola Contra Fund-Cumulative Option; 12.72 ;12.72;13.01;21-Sep-2007
103539;DBS Chola Contra Fund-Dividend Option; 12.72 ;12.72;13.01;21-Sep-2007
103080;DBS Chola Global Advantage Fund.-Cumulative Option;14.62;14.62;14.95;21-Sep-2007
103079;DBS Chola Global Advantage Fund.-Dividend Option;13.71;13.71;14.02;21-Sep-2007
101132;DBS Chola Growth Fund-Cumulative;37.04;37.04;37.87;21-Sep-2007
101131;DBS Chola Growth Fund-Quarterly Dividend;17.49;17.49;17.88;21-Sep-2007
105577;DBS Chola Hedged Equity Fund - Cumulative;12.00;12.00;12.30;21-Sep-2007
105576;DBS Chola Hedged Equity Fund - Dividend;11.45;11.45;11.74;21-Sep-2007
102578;DBS Chola Mid Cap Fund-Cumulative;31.85;31.85;32.57;21-Sep-2007
102577;DBS Chola Mid Cap Fund-Dividend;18.38;18.38;18.79;21-Sep-2007
100716;DBS Chola Multi-Cap Fund-Cumulative Option;20.51;20.51;20.97;21-Sep-2007
100715;DBS Chola Multi-Cap Fund-Dividend Option;16.35;16.35;16.72;21-Sep-2007
100907;DBS Chola Opportunities Fund-Cumulative;34.66;34.66;35.44;21-Sep-2007
100906;DBS Chola Opportunities Fund-Regular Quarterly Dividend;22.52;22.52;23.03;21-Sep-2007

Deutsche Mutual Fund
101628;DWS Alpha Equity Fund-Dividend;19.10;19.10;19.53;20-Sep-2007
101629;DWS Alpha Equity Fund-Growth;63.60;63.60;65.03;20-Sep-2007
106035;DWS CREDIT OPPORTUNITIES CASH FUND-  WEEKLY DIV;10.0350;10.0149;10.0350;20-S